mol_a,mol_b,complex_pred_dg (kcal/mol),complex_pred_dg_err (kcal/mol),solvent_pred_dg (kcal/mol),solvent_pred_dg_err (kcal/mol),pred_ddg (kcal/mol),pred_ddg_err (kcal/mol),exp_ddg (kcal/mol)
8b,8a,-0.31014247372233317,0.04602813835775428,-0.9776493997507346,0.04775958688609393,0.6675069260284014,0.06632923684327241,1.1240000000000012
8c_adjust,8a,9.660778000925957,0.06406557194584263,9.2131567656512,0.06357655310239513,0.4476212352747569,0.09025727457180172,-0.6829999999999985
8c_adjust,8d,-0.9277393144566132,0.03428204418712654,-0.663013426108598,0.034112021123703734,-0.26472588834801514,0.04836205680894999,-2.366499999999999
8c_adjust,8e,10.014657999123184,0.0525255262831674,10.066747221733861,0.048999134627625354,-0.052089222610677194,0.07183206878254213,-0.12060000000000119
8d,8b,10.388735979639312,0.059463651522765434,10.661634628549526,0.05965318435448783,-0.2728986489102137,0.08422842902518957,0.5594999999999993
8d,8f,9.957374388829795,0.050953940148010454,9.932868130292167,0.050721229922982454,0.024506258537627022,0.07189539054422808,0.6784000000000001
8e,8a,0.9202930067608114,0.055199786887814975,-1.004543288321106,0.05781688891932745,1.9248362950819176,0.07993628160460078,-0.5623999999999973
8f,8b,1.942450669867542,0.04830526773135162,0.5650912160186363,0.04976357846543547,1.3773594538489056,0.06935281272077659,-0.11890000000000081
8f,8e,1.1801981087988893,0.034099871554724534,0.6679253069096632,0.03340153840782559,0.5122728018892261,0.04773325892978772,1.567499999999998
