mol_a,mol_b,complex_pred_dg (kcal/mol),complex_pred_dg_err (kcal/mol),solvent_pred_dg (kcal/mol),solvent_pred_dg_err (kcal/mol),exp_ddg (kcal/mol),pred_ddg (kcal/mol),pred_ddg_err (kcal/mol),mle_ddg (kcal/mol),mle_ddg_err (kcal/mol)
14,16,-9.0186209181325,0.054442631613264555,-10.649657118868609,0.05649582913289341,0.6000000000000014,1.631036200736107,0.07845877163447515,1.915094528961717,0.05281207022725752
15,14,-5.680215829044945,0.050241249293503376,-5.769124857626542,0.05189638731933496,1.1600000000000001,0.08890902858159638,0.0722316976636323,0.36933460175413124,0.05206397073031655
17,14,6.1781821960059675,0.05426471397048858,4.883272672861912,0.055505165075536524,1.1999999999999993,1.2949095231440557,0.07762398168324978,1.2490979454259534,0.05004670466930032
17,16,-2.638114731163376,0.040112665885222505,-5.868031245306729,0.04399117288035143,1.8000000000000007,3.229916514143353,0.059533597705904356,3.1641924743876704,0.04778083701350729
17,19,-2.7117218312803213,0.040691734223330764,-0.5098264698110977,0.039504729552408524,-0.33999999999999986,-2.201895361469224,0.056713674639465285,-2.117795641199505,0.04442820891591319
18,15,3.6382039164963964,0.04049806371488138,1.2926117591237078,0.04081215077922677,-0.9199999999999999,2.3455921573726886,0.05749543300020387,2.476292676161668,0.04487374310457642
18,16,-10.379661427745997,0.04416068796339509,-15.259082921659472,0.04848062070892392,0.8400000000000016,4.879421493913474,0.06557847928797138,4.760721806877516,0.045739594813433156
18,19,-10.310630841580338,0.037664179841886164,-9.823097480369972,0.03751591601562075,-1.299999999999999,-0.4875333612103661,0.05316045896766744,-0.5212663087096594,0.04222520450467612
19,15,13.909103880034758,0.046459832171912914,10.973894682096722,0.04721358003561466,0.379999999999999,2.9352091979380357,0.06623924928033005,2.9975589848713273,0.046688865347394345
