mol_a,mol_b,complex_pred_dg (kcal/mol),complex_pred_dg_err (kcal/mol),solvent_pred_dg (kcal/mol),solvent_pred_dg_err (kcal/mol),pred_ddg (kcal/mol),pred_ddg_err (kcal/mol),exp_ddg (kcal/mol)
8b,8a,-0.19091019422825758,0.04894768197972228,-1.634790614306043,0.04961066587838815,1.4438804200777855,0.0696928528622921,1.1309960839922617
8e,8b,9.694813028545264,0.05368110481157981,9.29226412433479,0.05326633959693244,0.4025489042104731,0.07562383187757381,-1.6968044668607012
8d,8f,9.805996930507343,0.055347030250043866,9.653233444441241,0.05524920541171631,0.15276348606610152,0.07820337880248714,0.6826875274826852
8b,8d,-21.182816138074934,0.06348788667852569,-19.38406876463768,0.06343748777523134,-1.7987473734372554,0.08974980005625607,-0.563054730112017
8e,8f,-0.3332334386129695,0.031529997582748735,0.06398218214744343,0.03477346576632307,-0.39721562076041295,0.04693969182866227,-1.5771716694900328
8d,8c,0.016829166206001816,0.07970879303733788,0.07906053002400061,0.08053467492529909,-0.06223136381799879,0.11331074773732967,2.381237719637223
8c,8a,18.332687140938855,0.08473201225580172,16.840027235543428,0.08341098854453464,1.4926599053954277,0.11889872543847485,-0.6871869055329446
8f,8a,9.989500842414765,0.058646760330330235,7.98757621209697,0.05836059543780731,2.001924630317794,0.08273694215463014,1.0113632866215934
8e,8c,-10.657483191030849,0.08297101667568436,-10.438761713745693,0.0809713385026151,-0.2187214772851553,0.11593337425910527,0.12137852266450505
