mol_a,mol_b,complex_pred_dg (kcal/mol),complex_pred_dg_err (kcal/mol),solvent_pred_dg (kcal/mol),solvent_pred_dg_err (kcal/mol),exp_ddg (kcal/mol),pred_ddg (kcal/mol),pred_ddg_err (kcal/mol),mle_ddg (kcal/mol),mle_ddg_err (kcal/mol)
18,19,-8.253016671505389,0.03640775126417761,-8.597192178234911,0.0376819315266235,-1.299999999999999,0.3441755067295214,0.052397063998771615,0.43441060415171506,0.04397816799417278
17,19,-2.602062791466573,0.03812195285161837,-0.6878932670153298,0.038355723917286914,-0.33999999999999986,-1.9141695244512429,0.054078136491933125,-1.935232428234837,0.042573101293562475
18,15,3.3198780072103693,0.03883840972566411,1.0091955074929138,0.04055278743518345,-0.9199999999999999,2.3106824997174553,0.05615114102831512,2.401187488869553,0.044533746792774116
17,16,-2.301026440092038,0.04003481384771409,-4.381657386168562,0.04383961650309403,1.8000000000000007,2.080630946076523,0.05936916956602538,2.2989900863253396,0.044685610667355546
18,16,-7.372204662030899,0.04377978661439778,-12.294696747693742,0.04697119881291121,0.8400000000000016,4.922492085662842,0.06421030473315194,4.668633118711892,0.04602623281440956
19,15,11.391800819203963,0.04484486022025456,9.531380222167002,0.046184397409419556,0.379999999999999,1.860420597036961,0.06437437418915519,1.966776884717838,0.043960603341443256
15,14,-3.7865369281057797,0.051065662953071043,-4.467856740778797,0.05194611077474262,1.1600000000000001,0.6813198126730172,0.07284298427067966,0.9698104190821351,0.050655901280491515
17,14,5.648164327185143,0.054257650998660485,4.318735441013373,0.05521284479569399,1.1999999999999993,1.329428886171771,0.07741027659378202,1.001354875565136,0.04945659351539611
14,16,-7.4534451614399755,0.05347904349636357,-8.753311795958984,0.05499755702134007,0.6000000000000014,1.2998666345190075,0.07671205493011839,1.2976352107602036,0.05197287598567366
