mol,smiles,pred_dg (kcal/mol),pred_dg_err (kcal/mol),exp_dg (kcal/mol)
18,Cc1nc(N)nc2c1/C(=N/O)C[C@@H](c1ccc(F)cc1-c1ccccc1)C2,-11.517478692011899,0.03150237465162658,-8.96
19,Cc1nc(N)nc2c1/C(=N/O)C[C@@H](c1ccc(F)cc1-c1cccnc1)C2,-11.083068087860184,0.030686799302505268,-10.26
17,Cc1nc(N)nc2c1/C(=N/O)C[C@@H](c1ccccc1-c1cccnc1)C2,-9.147835659625347,0.02950913930157389,-9.92
15,Cc1nc(N)nc2c1/C(=N/O)C[C@@H](c1ccccc1-c1ccccc1)C2,-9.116291203142346,0.03147784927074075,-9.88
16,Cc1nc(N)nc2c1/C(=N/O)C[C@@H](c1ccccc1-c1ccncc1)C2,-6.848845573300007,0.033556139503744864,-8.12
14,Nc1ncc2c(n1)C[C@H](c1ccccc1-c1ccccc1)C/C2=N\O,-8.146480784060211,0.03968835269732705,-8.72
