mol,smiles,pred_dg (kcal/mol),pred_dg_err (kcal/mol),exp_dg (kcal/mol)
cmpd 2 (methyl),CN(C)C(=O)c1cccc(-c2cn(C)c(=O)c3[nH]ccc23)c1,-7.874294912637137,0.03866858014424305,-9.86
cmpd 6 (ethyl),CCn1cc(-c2cccc(C(=O)N(C)C)c2)c2cc[nH]c2c1=O,-7.9589243312699836,0.035124008706323574,-8.53
cmpd 3 (Allyl),C=CCn1cc(-c2cccc(C(=O)N(C)C)c2)c2cc[nH]c2c1=O,-8.697737076993707,0.033791413391654326,-8.34
cmpd 7 (n-propyl),CCCn1cc(-c2cccc(C(=O)N(C)C)c2)c2cc[nH]c2c1=O,-8.907970900992865,0.03786728148011495,-8.12
cmpd 4 (Crotyl),C/C=C/Cn1cc(-c2cccc(C(=O)N(C)C)c2)c2cc[nH]c2c1=O,-9.592867929419864,0.037071710110284456,-8.71
cmpd 8 (n-Butyl),CCCCn1cc(-c2cccc(C(=O)N(C)C)c2)c2cc[nH]c2c1=O,-9.027504193738793,0.03648007311948916,-8.28
cmpd 5 (1-Butenyl),C=CCCn1cc(-c2cccc(C(=O)N(C)C)c2)c2cc[nH]c2c1=O,-9.815536452338556,0.04263973402801466,-10.0
cmpd 9 (methoxyethyl),COCCn1cc(-c2cccc(C(=O)N(C)C)c2)c2cc[nH]c2c1=O,-7.655164202609092,0.039790443474247476,-7.690000000000001
