mol,smiles,pred_dg (kcal/mol),pred_dg_err (kcal/mol),exp_dg (kcal/mol)
CHEMBL3264995,COc1ccc(Nc2nc(-c3cccc(C(=O)Nc4ccc(C(=O)[O-])cc4)c3)cn3ccnc23)cc1OC,-11.924951283562377,0.039294514533548555,-12.458424187983185
CHEMBL3265001,COc1ccc(Nc2nc(-c3cccc(C(=O)Nc4ccc(-c5nnn[n-]5)cc4)c3)cn3ccnc23)cc1OC,-11.72454186740713,0.03794940339965723,-12.112756832843909
CHEMBL3265000,COc1ccc(Nc2nc(-c3cccc(C(=O)Nc4ccc(C(=O)[N-]S(C)(=O)=O)cc4)c3)cn3ccnc23)cc1OC,-12.3685821666144,0.04860528620500494,-11.88443034798687
CHEMBL3264997,COc1ccc(Nc2nc(-c3cccc(C(=O)Nc4cccc(C(=O)[O-])c4)c3)cn3ccnc23)cc1OC,-12.38060179843907,0.05089504447317084,-11.051234103667463
CHEMBL3264998,COc1ccc(Nc2nc(-c3cccc(C(=O)Nc4ccc(CC(=O)[O-])cc4)c3)cn3ccnc23)cc1OC,-12.175091540800352,0.051079286976282855,-11.784838589387416
CHEMBL3264994,CC(C)(C)c1ccc(Nc2nc(-c3cccc(NC(=O)c4ccc(C(=O)[O-])cc4)c3)cn3ccnc23)cc1,-8.583773654872443,0.059095429715499866,-9.865858249826928
