mol_a,mol_b,complex_pred_dg (kcal/mol),complex_pred_dg_err (kcal/mol),solvent_pred_dg (kcal/mol),solvent_pred_dg_err (kcal/mol),exp_ddg (kcal/mol),pred_ddg (kcal/mol),pred_ddg_err (kcal/mol),mle_ddg (kcal/mol),mle_ddg_err (kcal/mol)
"lig 2, deprot",lig 49 stereo,14.699433614684178,0.09093287324653708,10.273551109285101,0.09101737931250209,0.8100000000000005,4.425882505399077,0.1286582712995424,3.4393297240628247,0.07639598875567159
"lig 2, deprot",lig 51 stereo,22.225991943299903,0.09715675006561438,21.207466530514836,0.0954106142001162,1.0099999999999998,1.018525412785064,0.13617128693434485,1.7562112689075722,0.07536747078207458
"lig 2, deprot","lig 66, deprot",23.562928694622723,0.09383285016523306,21.76011202012834,0.0921766424355921,0.120000000000001,1.802816674494384,0.1315337872214971,2.1456655800029036,0.07810562729917278
lig 51 stereo,lig 49 stereo,-9.926258086673796,0.05315129193254889,-11.348974434671455,0.05444786428995117,-0.1999999999999993,1.4227163479976586,0.07608961663614804,1.6831184551552525,0.05878959397261656
"lig 66, deprot",lig 49 stereo,-5.194504976879988,0.08469151287729157,-6.967382332640723,0.08391329015367359,0.6899999999999995,1.7728773557607342,0.1192228695253518,1.293664144059921,0.062261141357796604
"lig 66, deprot","lig 68, deprot",7.315753322595107,0.0534861807376153,9.338368475929782,0.056119203978603364,0.17999999999999972,-2.0226151533346743,0.07752507068741661,-1.7008895159405721,0.06493558544591585
"lig 68, deprot",lig 49 stereo,-13.900700609694962,0.09091710774631741,-16.127909957397648,0.08723045009781648,0.5099999999999998,2.2272093477026864,0.12599631703039235,2.994553660000493,0.06286881849822895
"lig 68, deprot",lig 51 stereo,-3.067238885413674,0.09132076585746618,-4.292813129125075,0.09050460339733694,0.7099999999999991,1.2255742437114006,0.1285712468357658,1.3114352048452407,0.06161490804580837
