mol,smiles,pred_dg (kcal/mol),pred_dg_err (kcal/mol),exp_dg (kcal/mol)
IBT,CC(C)CC1=NCCS1,-9.660821640503544,0.02894409041541161,-9.09
ET,CCC1=NCCS1,-6.138501706918397,0.027477509496892847,-6.96
PT,CCCC1=NCCS1,-8.348279187211538,0.028291206610270143,-8.2
SBT_S,CC[C@H](C)C1=NCCS1,-9.619857105706664,0.034911606201795675,-8.42
IPT,CC(C)C1=NCCS1,-8.110912212672082,0.03377192406748047,-7.85
MT,CC1=NCCS1,-4.281628146987773,0.02955416568506072,-5.64
