mol,smiles,pred_dg (kcal/mol),pred_dg_err (kcal/mol),exp_dg (kcal/mol)
1_1W7H,Nc1ncccc1OCc1ccccc1,-3.7067368726237326,0.036254837296991325,-3.94
5_1WBW,Nc1ncccc1OCc1cccc2ccccc12,-5.197393076827197,0.04880388276764931,-5.94
4,Nc1ncccc1OCc1c(Cl)cccc1Cl,-5.766902812104347,0.0472674742980706,-5.4
3,c1ccc(COc2cccnc2)cc1,-2.2647620061659195,0.04482717965110054,-4.09
6,OCCNc1ccc(OCc2c(Cl)cccc2Cl)cn1,-6.310276124839833,0.049574256529163384,-5.04
7,CC(C)(CO)Nc1ccc(OCc2c(Cl)cccc2Cl)cn1,-7.463929107438971,0.054386600197824306,-6.3
