mol_a,mol_b,complex_pred_dg (kcal/mol),complex_pred_dg_err (kcal/mol),solvent_pred_dg (kcal/mol),solvent_pred_dg_err (kcal/mol),pred_ddg (kcal/mol),pred_ddg_err (kcal/mol),exp_ddg (kcal/mol)
4d,4c,-0.4171120361970576,0.048817149740010966,-0.5063482541292976,0.048352839763458944,0.08923621793224004,0.06871034290359342,-0.0699999999999992
Edoxaban,4c,35.7070998647322,0.07038623078194294,39.32417026031634,0.06981288267552738,-3.6170703955841463,0.09913657282333237,0.8000000000000002
Edoxaban,4d,36.636886883221386,0.07701027946369761,39.22515082065377,0.07567342139580753,-2.5882639374323757,0.10796781857953909,0.8699999999999993
