mol,smiles,pred_dg (kcal/mol),pred_dg_err (kcal/mol),exp_dg (kcal/mol)
2d,c1ccc(C(CCNc2ncnc3ccccc23)c2ccccc2)cc1,-10.21310077190058,0.04285425800327527,-13.4817
4d,N#Cc1cnc2ccccc2c1NCCC(c1ccccc1)c1ccccc1,-15.401180449842174,0.03168955687799439,-15.343400000000003
7d,N#Cc1nnc2ccccc2c1NCCC(c1ccccc1)c1ccccc1,-18.34417705221441,0.03490678862583734,-15.2515
3d,c1ccc(C(CCNc2ccnc3ccccc23)c2ccccc2)cc1,-8.199741931769863,0.034431234536944404,-9.19327
5d,c1ccc(C(CCNc2nnnc3ccccc23)c2ccccc2)cc1,-13.022234809996636,0.028151800779723183,-13.2535
6d,c1ccc(C(CCNc2cnnc3ccccc23)c2ccccc2)cc1,-10.899424752295259,0.03138373982031263,-9.40585
8d,c1ccc(C(CCNc2nncc3ccccc23)c2ccccc2)cc1,-10.47776023198107,0.03138000262202911,-10.6284
