mol,smiles,pred_dg (kcal/mol),pred_dg_err (kcal/mol),exp_dg (kcal/mol)
10,Cc1nc(N)nc2c1C(=O)C[C@@H](c1ccc(F)cc1)C2,-9.57539672863004,0.03658373692133508,-8.31
12,Cc1nc(N)nc2c1/C(=N/O)C[C@@H](c1ccc(F)cc1)C2,-9.196945885184736,0.03670204053080707,-8.59
3,Cc1nc(N)nc2c1C(=O)C[C@@H](c1ccccc1)C2,-7.87170929059735,0.03352204759372847,-8.31
9,Nc1ncc2c(n1)C[C@H](c1ccc(F)cc1)CC2=O,-8.329539288482712,0.03971918076704732,-7.36
11,Nc1ncc2c(n1)C[C@H](c1ccc(F)cc1)C/C2=N\O,-7.598825666588253,0.030529098833919525,-8.12
2,Nc1ncc2c(n1)C[C@H](c1ccccc1)CC2=O,-6.87877503475425,0.038146624356074965,-6.93
8,Nc1ncc2c(n1)C[C@H](c1ccccc1)C/C2=N\O,-6.19880810576267,0.035210451858284454,-8.03
