mol_a,mol_b,complex_pred_dg (kcal/mol),complex_pred_dg_err (kcal/mol),solvent_pred_dg (kcal/mol),solvent_pred_dg_err (kcal/mol),exp_ddg (kcal/mol),pred_ddg (kcal/mol),pred_ddg_err (kcal/mol),mle_ddg (kcal/mol),mle_ddg_err (kcal/mol)
5AN26_ligand,5ANT_A_ligand,11.496455493624891,0.04817074799158698,14.804591643589454,0.04837759116220917,-0.9800000000000004,-3.3081361499645627,0.06827014200019536,-3.068345512972485,0.05222339019214076
5AN26_ligand,5ANU_ligand,19.575797883554966,0.07242501527837049,25.12675267500839,0.07369427489820154,-5.390000000000001,-5.5509547914534245,0.10332583893123683,-6.100228092285514,0.05538554470870125
5ANT_A_ligand,5ANU_ligand,7.550849310437319,0.07057304235987083,11.091475376156811,0.07005638012621698,-4.41,-3.5406260657194926,0.09944068937973596,-3.031882579313029,0.056986245912644014
