mol_a,mol_b,complex_pred_dg (kcal/mol),complex_pred_dg_err (kcal/mol),solvent_pred_dg (kcal/mol),solvent_pred_dg_err (kcal/mol),exp_ddg (kcal/mol),pred_ddg (kcal/mol),pred_ddg_err (kcal/mol),mle_ddg (kcal/mol),mle_ddg_err (kcal/mol)
61a,25e,-20.50789260317341,0.06347859340493298,-23.496474224553953,0.06511164767739228,0.6999999999999993,2.988581621380546,0.09093436360328071,3.176067944946263,0.06762443630572158
25e,11,42.67878365286719,0.08461701763867853,42.3172179715599,0.08550800574428057,3.1000000000000014,0.3615656813072844,0.12029820746972231,0.6896850304664408,0.07196994826644783
61a,11,31.00070902125865,0.09394816530050974,26.726218941729286,0.09592203046661155,3.8000000000000007,4.2744900795293646,0.13426575770526697,3.865752975412704,0.07084984722547452
