mol,smiles,pred_dg (kcal/mol),pred_dg_err (kcal/mol),exp_dg (kcal/mol)
IBT,CC(C)CC1=NCCS1,-9.697157340940649,0.029240921128517255,-9.09
ET,CCC1=NCCS1,-6.229801487661173,0.027494558601481832,-6.96
PT,CCCC1=NCCS1,-8.452104363195714,0.028758968806445413,-8.2
SBT_S,CC[C@H](C)C1=NCCS1,-9.543257798982882,0.03547994572227946,-8.42
IPT,CC(C)C1=NCCS1,-8.142289929102075,0.03299591949206446,-7.85
MT,CC1=NCCS1,-4.09538908011751,0.02979442270686089,-5.64
