mol_a,mol_b,complex_pred_dg (kcal/mol),complex_pred_dg_err (kcal/mol),solvent_pred_dg (kcal/mol),solvent_pred_dg_err (kcal/mol),exp_ddg (kcal/mol),pred_ddg (kcal/mol),pred_ddg_err (kcal/mol),mle_ddg (kcal/mol),mle_ddg_err (kcal/mol)
1,2,8.317725763607477,0.045522340071926355,11.380648114495372,0.04696702770933618,1.9800000000000004,-3.062922350887895,0.06540783697290152,-2.229793084561571,0.050474492981777794
1,3,24.166913441288738,0.05881501904709535,21.013338180526784,0.0614381064360396,4.640000000000001,3.1535752607619556,0.08505202753583432,1.9444704795704304,0.04784959785415243
3,2,-12.659539064366287,0.06205194767644811,-9.621694854066277,0.06424627682718721,-2.66,-3.0378442103000096,0.08931980909404266,-4.174263564132001,0.04322975477682851
4,1,-26.198903312275814,0.060805699499208214,-23.20822606862339,0.06387885769030298,-3.790000000000001,-2.990677243652424,0.08819207193056522,-2.7760595126600984,0.049896825112546506
4,2,-16.444508481090015,0.0649118096491501,-11.898144164229324,0.06762301006460025,-1.8100000000000005,-4.546364316860691,0.0937358763874565,-5.005852597221669,0.04548539149631088
4,3,-3.0852426245762437,0.03852095122103791,-2.175896242000594,0.04079183804890085,0.8499999999999996,-0.9093463825756498,0.056105594501630024,-0.831589033089668,0.04255385308769633
