mol,smiles,pred_dg (kcal/mol),pred_dg_err (kcal/mol),exp_dg (kcal/mol)
1,CC(C)c1cc(C(=O)N2Cc3ccccc3C2)c(O)cc1O,-10.74018422691724,0.03852561977766819,-12.72
2,COc1cc(O)c(C(=O)N2Cc3ccccc3C2)cc1C(C)C,-12.96997731147881,0.03261059739584783,-10.74
3,CC1(C)COc2cc(O)c(C(=O)N3Cc4ccccc4C3)cc21,-8.79571374734681,0.02837887657308954,-8.08
4,CC1(C)CNc2cc(O)c(C(=O)N3Cc4ccccc4C3)cc21,-7.964124714257141,0.03170914342990981,-8.93
