mol,smiles,pred_dg (kcal/mol),pred_dg_err (kcal/mol),exp_dg (kcal/mol)
MT,CC1=NCCS1,-5.026096574405469,0.030457543442027748,-5.64
ET,CCC1=NCCS1,-6.67556940725878,0.03301263730602048,-6.96
IBT,CC(C)CC1=NCCS1,-9.189250238295944,0.037073376609069994,-9.09
PT,CCCC1=NCCS1,-8.205347139711181,0.031801844285080726,-8.2
IPT,CC(C)C1=NCCS1,-7.976516400384544,0.04037600957104736,-7.85
SBT_S,CC[C@H](C)C1=NCCS1,-9.087220239944081,0.03866598346164904,-8.42
