mol,smiles,pred_dg (kcal/mol),pred_dg_err (kcal/mol),exp_dg (kcal/mol)
10,NC(=O)c1nnc2c(-c3ccc4cn[nH]c4c3)cccc2c1N,-11.870892771642795,0.027373350196259544,-10.8701
11,Cc1cc2cn[nH]c2cc1-c1cccc2c(N)c(C(N)=O)nnc12,-14.17114966749556,0.04463859488131891,-11.5248
2,NC(=O)c1nnc2ccccc2c1N,-6.976375796308403,0.04347862938921022,-7.687929999999999
7,Cn1cc(-c2cccc3c(N)c(C(N)=O)nnc23)cn1,-6.201125142249191,0.0465382100354525,-9.08461
8,Cc1ccncc1-c1cccc2c(N)c(C(N)=O)nnc12,-8.52969966308035,0.04165941471715774,-9.60639
9 flip,NC(=O)c1nnc2c(-c3ccc4cc[nH]c4c3)cccc2c1N,-9.355496959223702,0.04900325107628175,-8.33091
