mol,smiles,pred_dg (kcal/mol),pred_dg_err (kcal/mol),exp_dg (kcal/mol)
10,NC(=O)c1nnc2c(-c3ccc4cn[nH]c4c3)cccc2c1N,-11.870892771525373,0.029251049339150764,-10.8701
11,Cc1cc2cn[nH]c2cc1-c1cccc2c(N)c(C(N)=O)nnc12,-14.17114966684597,0.04432940519892751,-11.5248
2,NC(=O)c1nnc2ccccc2c1N,-6.976375798820403,0.04333722670224299,-7.687929999999999
7,Cn1cc(-c2cccc3c(N)c(C(N)=O)nnc23)cn1,-6.201125141538394,0.04586135477268322,-9.08461
8,Cc1ccncc1-c1cccc2c(N)c(C(N)=O)nnc12,-8.529699669823577,0.04574374209290809,-9.60639
9 flip,NC(=O)c1nnc2c(-c3ccc4cc[nH]c4c3)cccc2c1N,-9.355496951446282,0.04962670936795006,-8.33091
