mol,smiles,pred_dg (kcal/mol),pred_dg_err (kcal/mol),exp_dg (kcal/mol)
1_1W7H,Nc1ncccc1OCc1ccccc1,-3.625708784297045,0.03491834459307274,-3.94
3,c1ccc(COc2cccnc2)cc1,-2.0387640225489885,0.03408432374743965,-4.09
4,Nc1ncccc1OCc1c(Cl)cccc1Cl,-6.253484655605173,0.04271592734942779,-5.4
5_1WBW,Nc1ncccc1OCc1cccc2ccccc12,-5.702017709791333,0.04952491286700532,-5.94
6,OCCNc1ccc(OCc2c(Cl)cccc2Cl)cn1,-5.815903807149805,0.04581254715429225,-5.04
7,CC(C)(CO)Nc1ccc(OCc2c(Cl)cccc2Cl)cn1,-7.274121020607655,0.05091545840413493,-6.3
