mol_a,mol_b,complex_pred_dg (kcal/mol),complex_pred_dg_err (kcal/mol),solvent_pred_dg (kcal/mol),solvent_pred_dg_err (kcal/mol),pred_ddg (kcal/mol),pred_ddg_err (kcal/mol),exp_ddg (kcal/mol)
8c_adjust,8d,-1.072575091292921,0.03442177692828194,-0.6962101992841987,0.033783764149782944,-0.3763648920087223,0.04823071062122724,-2.366499999999999
8f,8e,1.2040831154898837,0.03339107654363656,0.6793242601457928,0.03427049270263258,0.5247588553440907,0.0478479953898195,1.567499999999998
8b,8a,0.004109789097494978,0.05014855779016647,-0.625696803460544,0.050313394130072644,0.629806592558039,0.07103742307630319,1.1240000000000012
8f,8b,1.5311572579350075,0.04877315703329776,0.3867974632184345,0.04801451305709025,1.144359794716573,0.0684413202028147,-0.11890000000000081
8c_adjust,8e,9.447714171366282,0.058239971310878595,9.306594299420349,0.05578697920073001,0.1411198719459337,0.08064788470031092,-0.12060000000000119
8e,8a,0.3054046188163765,0.05609683446891619,-0.8355261350850586,0.055612028586543516,1.140930753901435,0.07899083846208696,-0.5623999999999973
8d,8f,9.201064887720566,0.05704374086236036,9.436275982835792,0.056441498122055594,-0.23521109511522648,0.08024731199133169,0.6784000000000001
8d,8b,10.33110888023981,0.06394779617263496,9.93835701237887,0.06272594798423457,0.39275186786093974,0.08957603019702184,0.5594999999999993
8c_adjust,8a,10.011113634316755,0.0671871826396589,8.626503089159646,0.06682303668593798,1.3846105451571087,0.09475988467165362,-0.6829999999999985
