mol,smiles,pred_dg (kcal/mol),pred_dg_err (kcal/mol),exp_dg (kcal/mol)
3d,c1ccc(C(CCNc2ccnc3ccccc23)c2ccccc2)cc1,-7.301179941924073,0.03559653232182587,-9.19327
6d,c1ccc(C(CCNc2cnnc3ccccc23)c2ccccc2)cc1,-10.885932000431106,0.03338484878761263,-9.40585
8d,c1ccc(C(CCNc2nncc3ccccc23)c2ccccc2)cc1,-10.277334431862073,0.02974817483027754,-10.6284
5d,c1ccc(C(CCNc2nnnc3ccccc23)c2ccccc2)cc1,-13.849843598775728,0.02905895588146167,-13.2535
4d,N#Cc1cnc2ccccc2c1NCCC(c1ccccc1)c1ccccc1,-15.42287742840439,0.03641255981173637,-15.343400000000003
7d,N#Cc1nnc2ccccc2c1NCCC(c1ccccc1)c1ccccc1,-18.64125076061108,0.036749440731345985,-15.2515
2d,c1ccc(C(CCNc2ncnc3ccccc23)c2ccccc2)cc1,-10.179201837991569,0.040994705357639834,-13.4817
