mol_a,mol_b,complex_pred_dg (kcal/mol),complex_pred_dg_err (kcal/mol),solvent_pred_dg (kcal/mol),solvent_pred_dg_err (kcal/mol),exp_ddg (kcal/mol),pred_ddg (kcal/mol),pred_ddg_err (kcal/mol),mle_ddg (kcal/mol),mle_ddg_err (kcal/mol)
CHEMBL3264995,CHEMBL3265001,18.55109166030728,0.06298378739717535,19.3584079936084,0.0629247156653233,0.3435000000000006,-0.8073163333011202,0.08903076612303394,-0.525105947013067,0.07429806902698365
CHEMBL3264997,CHEMBL3265001,10.202609811287255,0.06972582711848088,10.157621884951727,0.06961385799713446,-1.0549999999999997,0.044987926335528304,0.09852806804460079,0.0723460794803863,0.06712086043853868
CHEMBL3264997,CHEMBL3264995,0.9542327553648874,0.06998830598327194,0.11121319343653709,0.06988455549390413,-1.3985000000000003,0.8430195619283503,0.09890507606280208,0.5974520264934533,0.0735239403560651
docked CHEMBL3264998,CHEMBL3264997,1.1149374135300092,0.07082321434920734,0.924900779036263,0.07087822046224451,0.729099999999999,0.1900366344937461,0.1001980530082711,-0.03370001473565942,0.07074362874309187
CHEMBL3265001,redocked CHEMBL3265000 ground state,-27.163269227199912,0.07391811829826217,-26.953670025227616,0.07202803177073827,0.22690000000000055,-0.20959920197229462,0.10320816621528726,0.19966561214097922,0.07450964962784719
docked CHEMBL3264994,CHEMBL3264995,-11.487919602435028,0.0744329797012962,-7.360797662594451,0.07520822041521984,-2.5765400000000014,-4.127121939840578,0.10581372730056275,-3.4474135325660775,0.08048849774425539
docked CHEMBL3264998,redocked CHEMBL3265000 ground state,-13.953950045154482,0.07672213587754399,-14.320487600291395,0.07553196708469136,-0.0990000000000002,0.3665375551369127,0.10766319791504998,0.2383116768857061,0.07778906728708847
docked CHEMBL3264994,redocked CHEMBL3265000 ground state,-17.857504308265106,0.08473748890630652,-14.48600445413234,0.08654020221879932,-2.0061400000000003,-3.3714998541327676,0.12111832489849378,-3.7728538674381653,0.08068384655960031
docked CHEMBL3264998,docked CHEMBL3264994,10.78208375405445,0.08621934598522378,7.26746722471083,0.0863502690077067,1.90714,3.5146165293436193,0.12202518010567753,4.011165544323871,0.0779569719228832
