mol_a,mol_b,complex_pred_dg (kcal/mol),complex_pred_dg_err (kcal/mol),solvent_pred_dg (kcal/mol),solvent_pred_dg_err (kcal/mol),exp_ddg (kcal/mol),pred_ddg (kcal/mol),pred_ddg_err (kcal/mol),mle_ddg (kcal/mol),mle_ddg_err (kcal/mol)
8b,8a,-1.0386113136443822,0.04584875695500999,-1.5365871498545103,0.04855648789581284,1.1240000000000006,0.497975836210128,0.06678204123187458,0.6281510027529098,0.0484150379846587
8c_adjust,8a,9.94258871724655,0.06514891315449309,9.133370811417272,0.06457407335868158,-0.6829999999999998,0.8092179058292784,0.0917289040343559,0.863900470460921,0.04870005137208522
8c_adjust,8d,-0.4938089450580579,0.03687354203615533,-0.27931804108796005,0.03393208398731004,-2.3665000000000003,-0.21449090397009787,0.05011032254949051,-0.1390506667108884,0.046868679645665434
8c_adjust,8e,10.263058993881982,0.05053969707886926,10.436484974727895,0.05200799964907411,-0.12060000000000137,-0.17342598084591357,0.07251960430340171,-0.3656049120097187,0.0477301918034726
8d,8b,10.844119466589643,0.05950875177845142,10.872281007059044,0.05905164495462581,0.5594999999999999,-0.028161540469401537,0.08383548359779724,0.3748001344188996,0.04657246000739299
8d,8f,10.26509470862244,0.0519643535621401,10.43143800660007,0.04977099176124878,0.6783999999999999,-0.16634329797762978,0.07195446936799269,-0.3076361477369236,0.045943889448650355
8e,8a,-0.0354513945396125,0.05513491591983782,-1.4892876163788056,0.05697526889554265,-0.5623999999999985,1.4538362218391931,0.07928455221042101,1.2295053824706397,0.048370398150539375
8f,8b,1.1848201167285526,0.04818065131306966,0.3651048476175073,0.05055850471769103,-0.1189,0.8197152691110453,0.06983936970105319,0.6824362821558232,0.04686853466188501
8f,8e,0.4058845396758786,0.034281855517402184,0.32691049575048836,0.035914839850952625,1.567499999999999,0.07897404392539029,0.04964998831052846,0.08108190243809332,0.04682242043656089
