mol,smiles,pred_dg (kcal/mol),pred_dg_err (kcal/mol),exp_dg (kcal/mol)
10,Cc1nc(N)nc2c1C(=O)C[C@@H](c1ccc(F)cc1)C2,-9.547767440448201,0.03718091867452657,-8.31
3,Cc1nc(N)nc2c1C(=O)C[C@@H](c1ccccc1)C2,-7.622915371921183,0.03375400186836495,-8.31
12,Cc1nc(N)nc2c1/C(=N/O)C[C@@H](c1ccc(F)cc1)C2,-8.889668547797353,0.03229674986860941,-8.59
9,Nc1ncc2c(n1)C[C@H](c1ccc(F)cc1)CC2=O,-8.658899546254009,0.039330189155972015,-7.36
11,Nc1ncc2c(n1)C[C@H](c1ccc(F)cc1)C/C2=N\O,-7.913921013587744,0.03095995791486243,-8.12
2,Nc1ncc2c(n1)C[C@H](c1ccccc1)CC2=O,-6.731272466383291,0.03705442471987773,-6.93
8,Nc1ncc2c(n1)C[C@H](c1ccccc1)C/C2=N\O,-6.28555561360821,0.03517688944637703,-8.03
