mol,smiles,pred_dg (kcal/mol),pred_dg_err (kcal/mol),exp_dg (kcal/mol)
1_1W7H,Nc1ncccc1OCc1ccccc1,-3.2202686777337663,0.03537055105693716,-3.94
3,c1ccc(COc2cccnc2)cc1,-2.279266439292618,0.032550320335864344,-4.09
5_1WBW,Nc1ncccc1OCc1cccc2ccccc12,-5.427024632901097,0.04462478287991618,-5.94
6,OCCNc1ccc(OCc2c(Cl)cccc2Cl)cn1,-6.184535604445696,0.04670770134160013,-5.04
4,Nc1ncccc1OCc1c(Cl)cccc1Cl,-5.589726573842192,0.03984228940550477,-5.4
7,CC(C)(CO)Nc1ccc(OCc2c(Cl)cccc2Cl)cn1,-8.00917807178463,0.05302215079457669,-6.3
