mol_a,mol_b,complex_pred_dg (kcal/mol),complex_pred_dg_err (kcal/mol),solvent_pred_dg (kcal/mol),solvent_pred_dg_err (kcal/mol),exp_ddg (kcal/mol),pred_ddg (kcal/mol),pred_ddg_err (kcal/mol),mle_ddg (kcal/mol),mle_ddg_err (kcal/mol)
CHEMBL3264995,CHEMBL3265001,17.47234724693324,0.06504512701996543,18.393199621472643,0.06559120973984216,0.3435000000000006,-0.920852374539401,0.09237464665252798,-0.826205040848544,0.0722070082570362
CHEMBL3264997,CHEMBL3264995,2.578255253853273,0.07190963594366787,1.491838486990128,0.0710824108323682,-1.3985000000000003,1.0864167668631453,0.10111233787868039,0.843962701333643,0.07116267013384729
CHEMBL3264997,CHEMBL3265001,10.084908461490189,0.07342699250852526,10.258603322421413,0.07393345837377095,-1.0549999999999997,-0.17369486093122316,0.10420018951975639,0.01775766048509908,0.07362803472718654
CHEMBL3265001,redocked CHEMBL3265000 ground state,-33.47464418446235,0.0758978961181103,-33.84883301866659,0.07593597507168497,0.22690000000000055,0.3741888342042428,0.10736276330852809,0.7052920228113067,0.07854537534514977
docked CHEMBL3264994,CHEMBL3264995,-11.163352411774444,0.07650080160158762,-6.225336460256191,0.07638123938360392,-2.5765400000000014,-4.938015951518252,0.10810396096101602,-4.5312484753829665,0.07720134303726521
docked CHEMBL3264994,redocked CHEMBL3265000 ground state,-27.2524619903473,0.08857465678138211,-22.33030902478386,0.08792183381959168,-2.0061400000000003,-4.922152965563442,0.12480271906548966,-4.652161493420204,0.08315991410190528
docked CHEMBL3264998,CHEMBL3264997,-1.3359554787677541,0.07580279723616312,-0.7998345784036103,0.07336465336515183,0.729099999999999,-0.5361209003641438,0.10549140454186655,-0.6038038229133456,0.07508458229904388
docked CHEMBL3264998,docked CHEMBL3264994,9.173672461113823,0.08786902208969542,5.196508430464551,0.08666999677443718,1.90714,3.977164030649272,0.12342063597259711,4.771407353803264,0.08083078773091742
docked CHEMBL3264998,redocked CHEMBL3265000 ground state,-22.067323386654614,0.07883615138728749,-22.760631504531638,0.07904762915263434,-0.0990000000000002,0.693308117877023,0.1116407920081711,0.11924586038306018,0.07991234566288596
