mol_a,mol_b,complex_pred_dg (kcal/mol),complex_pred_dg_err (kcal/mol),solvent_pred_dg (kcal/mol),solvent_pred_dg_err (kcal/mol),pred_ddg (kcal/mol),pred_ddg_err (kcal/mol),exp_ddg (kcal/mol)
31,6,-11.475074128583712,0.04026377992576026,-11.846517261827849,0.041188155775058584,0.3714431332441371,0.05759892490368677,0.5199999999999999
31,7,10.00850006678526,0.06936966802404525,5.643223807374823,0.0683222745221352,4.365276259410436,0.09736572311467856,0.6399999999999998
7,6,-20.23987039558632,0.06546620703330672,-17.498266724364363,0.06458514270811598,-2.741603671221958,0.09196230163472141,-0.11999999999999986
