mol,smiles,pred_dg (kcal/mol),pred_dg_err (kcal/mol),exp_dg (kcal/mol)
13_3E64,CC(C)(C)NS(=O)(=O)c1ccc(-c2ccc3[nH]nc(N)c3c2)cc1,-9.842346673864665,0.04683945457380448,-9.69694
12,CC(C)(C)NS(=O)(=O)c1cccc(-c2ccc3[nH]nc(N)c3c2)c1,-3.701599141647571,0.05884578505198017,-7.43483
15,CC(C)(C)NC(=O)Nc1ccc(-c2ccc3[nH]nc(N)c3c2)cc1,-6.490341478245787,0.06274854430215426,-7.37912
21,Cc1cc(-c2ccc(S(=O)(=O)NC(C)(C)C)cc2)cc2c(N)n[nH]c12,-10.956891573275048,0.041696586518037135,-8.34034
14,CC(C)(C)NC(=O)c1ccc(-c2ccc3[nH]nc(N)c3c2)cc1,-4.789022449230077,0.052514022187233875,-7.7898000000000005
18,CCS(=O)(=O)c1ccc(-c2ccc3[nH]nc(N)c3c2)cc1,-8.54278218419884,0.05061885881476903,-8.32514
22-flip,CC(C)(C)NS(=O)(=O)c1ccc(-c2ccc3[nH]nc(N)c3c2)c(Cl)c1,-11.422862702609493,0.04990231067139302,-10.1076
20,CC(C)(C)NS(=O)(=O)c1ccc(-c2cc(Cl)c3[nH]nc(N)c3c2)cc1,-11.395593796928516,0.04729413607554733,-8.06767
