mol,smiles,pred_dg (kcal/mol),pred_dg_err (kcal/mol),exp_dg (kcal/mol)
CHEMBL1078774,CC(C)(C)c1ccc2c(c1)[C@H]1OCCC[C@H]1[C@H](c1ccc(O)c(F)c1)N2,-11.935287099833987,0.03914730447566371,-10.6625
CHEMBL1078691,CC(C)(C)c1ccc2c(c1)[C@H]1OCCC[C@H]1[C@H](c1ccc(O)cc1)N2,-11.12919881930248,0.036777120355098794,-10.2494
CHEMBL1089056,CC(C)(C)c1ccc2c(c1)[C@H]1OCCC[C@H]1[C@H](c1ccccc1)N2,-10.161944622114008,0.03449881479776969,-9.49772
CHEMBL1084115,CC(C)(C)c1ccc2c(c1)[C@H]1OCCC[C@H]1[C@H](c1ccsc1)N2,-10.283467810962636,0.0595456270332935,-9.49772
CHEMBL1078998,CC(C)(C)c1ccc2c(c1)[C@H]1OCCC[C@H]1[C@H](c1cccs1)N2,-11.000105092231093,0.04331909910816266,-10.4326
CHEMBL1088740,Cc1ccc2c(c1)[C@H]1OCCC[C@H]1[C@H](c1ccccc1)N2,-7.1182847540712375,0.03460486602759353,-8.75107
CHEMBL1085895,O=C(NCCCO)NC[C@H]1CC[C@@H]2[C@H](O1)c1cc(C(F)(F)F)ccc1N[C@H]2c1ccccc1,-10.803321885870917,0.05802612305953351,-10.9219
CHEMBL1089393,Clc1ccc2c(c1)[C@H]1OCCC[C@H]1[C@H](c1ccccc1)N2,-7.592950002597811,0.04220318720727045,-8.42983
CHEMBL1093088,FC(F)(F)c1ccc2c(c1)[C@H]1O[C@@H](Cn3cncn3)CC[C@H]1[C@H](c1ccccc1)N2,-9.70137991301583,0.050609563243281426,-11.2832
