mol_a,mol_b,complex_pred_dg (kcal/mol),complex_pred_dg_err (kcal/mol),solvent_pred_dg (kcal/mol),solvent_pred_dg_err (kcal/mol),exp_ddg (kcal/mol),pred_ddg (kcal/mol),pred_ddg_err (kcal/mol),mle_ddg (kcal/mol),mle_ddg_err (kcal/mol)
5AN26_ligand,5ANT_A_ligand,10.316189616170877,0.042882987674350566,14.58228164239873,0.04864373962331094,-0.9800000000000004,-4.266092026227852,0.06484723615096463,-4.375320951850722,0.050578477592254936
5AN26_ligand,5ANU_ligand,17.488951237049886,0.0698223405187355,25.41765177454128,0.07326017625082265,-5.390000000000001,-7.928700537491397,0.10120381741720938,-7.662659575859794,0.05425301833717938
5ANT_A_ligand,5ANU_ligand,7.328757143355944,0.07190955423813757,10.358194806951804,0.06897716920789929,-4.41,-3.0294376635958593,0.09964353397317269,-3.287338624009072,0.05600542412736758
