mol_a,mol_b,complex_pred_dg (kcal/mol),complex_pred_dg_err (kcal/mol),solvent_pred_dg (kcal/mol),solvent_pred_dg_err (kcal/mol),exp_ddg (kcal/mol),pred_ddg (kcal/mol),pred_ddg_err (kcal/mol),mle_ddg (kcal/mol),mle_ddg_err (kcal/mol)
25e,11,64.57264694349517,0.08725471519352147,63.28491401112179,0.08725455351264708,3.1000000000000014,1.2877329323733813,0.1233966872820901,1.6688787129672686,0.07529846545031746
61a,11,51.846519846307174,0.09414009212847024,47.01650422811947,0.10105205427771967,3.8000000000000007,4.8300156181877,0.13810819895901932,4.352570960326657,0.07295629261346245
61a,25e,-21.773758779046698,0.06256800717230084,-24.252290622603773,0.06543229824355433,0.6999999999999993,2.478531843557075,0.09053254207712569,2.6836922473593887,0.0678218810340284
