mol,smiles,pred_dg (kcal/mol),pred_dg_err (kcal/mol),exp_dg (kcal/mol)
9,Nc1ncc2c(n1)C[C@H](c1ccc(F)cc1)CC2=O,-8.364557229730114,0.03909071934388114,-7.36
2,Nc1ncc2c(n1)C[C@H](c1ccccc1)CC2=O,-6.891286314935246,0.030949725734057926,-6.93
8,Nc1ncc2c(n1)C[C@H](c1ccccc1)C/C2=N\O,-6.147213591256135,0.0378034106328718,-8.03
11,Nc1ncc2c(n1)C[C@H](c1ccc(F)cc1)C/C2=N\O,-7.995803159325853,0.03386095068165995,-8.12
10,Cc1nc(N)nc2c1C(=O)C[C@@H](c1ccc(F)cc1)C2,-9.294705821494462,0.0394004212244086,-8.31
3,Cc1nc(N)nc2c1C(=O)C[C@@H](c1ccccc1)C2,-7.802119036587311,0.040623101686141264,-8.31
12,Cc1nc(N)nc2c1/C(=N/O)C[C@@H](c1ccc(F)cc1)C2,-9.154314846670877,0.0419609369064868,-8.59
