mol_a,mol_b,complex_pred_dg (kcal/mol),complex_pred_dg_err (kcal/mol),solvent_pred_dg (kcal/mol),solvent_pred_dg_err (kcal/mol),pred_ddg (kcal/mol),pred_ddg_err (kcal/mol),exp_ddg (kcal/mol)
lig 51 stereo,lig 49 stereo,-7.175088736316871,0.06027618174974998,-8.897466631165143,0.061316141445148964,1.7223778948482722,0.08598190093298942,-0.1999999999999992
"lig 66, deprot","lig 68, deprot",5.332568350364791,0.062548667429042,7.6978136651377795,0.06055767878242041,-2.3652453147729893,0.08706071592092332,0.18000000000000063
"lig 66, deprot",lig 49 stereo,-11.790441524178798,0.08481828461122302,-10.374427349472363,0.08315085776632768,-1.4160141747064336,0.11877797166001146,0.6900000000000004
"lig 2, deprot",lig 49 stereo,16.062433440832745,0.09845887288133598,12.448476581585407,0.09389190525322903,3.613956859247339,0.13605087107822725,0.8100000000000003
"lig 2, deprot",lig 51 stereo,29.155011804030387,0.10041368414175962,22.51558826295951,0.09496485818360365,6.639423541070876,0.13820720767294672,1.0099999999999996
"lig 68, deprot",lig 49 stereo,-19.376440202516257,0.08854370910850552,-18.64345118908923,0.08748142340821792,-0.7329890134270272,0.12447083137916105,0.5099999999999998
"lig 68, deprot",lig 51 stereo,-6.9263528922455695,0.09205629699800143,-7.782119509995981,0.09132937426844004,0.8557666177504117,0.12967427046738703,0.709999999999999
"lig 2, deprot","lig 66, deprot",7.39502547859418,0.11136371016034247,1.604405400808394,0.10558969961323193,5.7906200777857855,0.15346354813143515,0.11999999999999986
