mol_a,mol_b,complex_pred_dg (kcal/mol),complex_pred_dg_err (kcal/mol),solvent_pred_dg (kcal/mol),solvent_pred_dg_err (kcal/mol),exp_ddg (kcal/mol),pred_ddg (kcal/mol),pred_ddg_err (kcal/mol),mle_ddg (kcal/mol),mle_ddg_err (kcal/mol)
"lig 2, deprot",lig 49 stereo,6.248967414639196,0.09417746524002304,2.605926800103733,0.09258888861868322,0.8100000000000005,3.6430406145354635,0.1320685324166157,2.900101759515424,0.07778610482611728
"lig 2, deprot",lig 51 stereo,16.06237363651431,0.09967814858146545,15.963674617994531,0.09369669016015396,1.0099999999999998,0.09869901851977733,0.1368020579216431,-0.4508211892177716,0.07680264393923869
"lig 2, deprot","lig 66, deprot",16.212114826833087,0.09397282881329061,15.637390073068817,0.09332394269811314,0.120000000000001,0.5747247537642706,0.13243961203466556,1.8368764193756704,0.07927060392852248
lig 51 stereo,lig 49 stereo,-10.367871016761134,0.056057561162150014,-14.072222756941049,0.05879416757607721,-0.1999999999999993,3.704351740179916,0.08123548673093574,3.3509229487331957,0.06064221307779781
"lig 66, deprot",lig 49 stereo,-7.931205095722513,0.08688281652174043,-8.923655183584248,0.08334782066203539,0.6899999999999995,0.9924500878617353,0.12039718857125038,1.0632253401397538,0.06373900327200165
"lig 66, deprot","lig 68, deprot",9.304577527796752,0.056775669836123324,10.579043565803456,0.05679532133633692,0.17999999999999972,-1.2744660380067034,0.08030681920633048,-0.8418877548999024,0.0660864104130335
"lig 68, deprot",lig 49 stereo,-19.48525839990375,0.09055600852930105,-19.935542385877532,0.08797584052982284,0.5099999999999998,0.4502839859737833,0.12625426407724874,1.9051130950396562,0.06429823557537892
"lig 68, deprot",lig 51 stereo,-5.606172083482395,0.09230500102870746,-4.5613036191935326,0.0897336412110341,0.7099999999999991,-1.044868464288862,0.12873359926569397,-1.4458098536935395,0.06310492144155395
