mol,smiles,pred_dg (kcal/mol),pred_dg_err (kcal/mol),exp_dg (kcal/mol)
"lig 2, deprot",N#Cc1ccc(Cn2cncc2CN2CCN(c3cccc(Cl)c3)C(=O)C2)cc1,-13.018229130829818,0.06431114294235546,-12.41
lig 49 stereo,N#Cc1ccc2cc1Oc1ccc3cccc(c3c1)N1CC[C@H](NCc3cncn3C2)C1=O,-10.118127371314394,0.04375791354106854,-11.6
lig 51 stereo,CN1Cc2cncn2Cc2ccc(C#N)c(c2)Oc2ccc3cccc(c3c2)N2CC[C@H]1C2=O,-13.46905032004759,0.041984794979913885,-11.4
"lig 66, deprot",N#Cc1ccc2cc1Oc1ccc3cccc(c3c1)N1CC[C@H](NCCc3cncn3C2)C1=O,-11.181352711454148,0.046345501838264816,-12.29
"lig 68, deprot",CN1CCc2cncn2Cc2ccc(C#N)c(c2)Oc2ccc3cccc(c3c2)N2CC[C@H]1C2=O,-12.02324046635405,0.04711165567711768,-12.11
