mol_a,mol_b,complex_pred_dg (kcal/mol),complex_pred_dg_err (kcal/mol),solvent_pred_dg (kcal/mol),solvent_pred_dg_err (kcal/mol),exp_ddg (kcal/mol),pred_ddg (kcal/mol),pred_ddg_err (kcal/mol),mle_ddg (kcal/mol),mle_ddg_err (kcal/mol)
lig 51 stereo,lig 49 stereo,-8.61785776293618,0.052596921675511256,-10.439656744423305,0.0557094221768241,-0.1999999999999993,1.821798981487124,0.07661576788765799,1.7455642335301729,0.07022513048862887
"lig 66, deprot","lig 68, deprot",6.531842766701775,0.052577769185870565,8.171238829508967,0.05146266722528774,0.17999999999999972,-1.6393960628071929,0.07357192352048018,-1.6640433818122915,0.06719223875194305
"lig 66, deprot",lig 49 stereo,-8.30058869508822,0.08695559395392331,-10.019150772230265,0.0841508383305699,0.6899999999999995,1.7185620771420453,0.12100677217254123,1.1645204189753962,0.06713616526023694
"lig 68, deprot",lig 49 stereo,-15.35235057093385,0.0882847281425305,-18.61072434588415,0.08752108800212685,0.5099999999999998,3.258373774950299,0.12431465749571347,2.8285638007876877,0.06736360456101365
"lig 68, deprot",lig 51 stereo,-6.589092763252871,0.09144093331524193,-7.295712048907069,0.0884367444836469,0.7099999999999991,0.7066192856541978,0.12721046364363417,1.0829995672575148,0.07027873942234042
"lig 2, deprot",lig 49 stereo,12.221373185461035,0.09138020525194644,9.674440533523962,0.08976654322550177,0.8100000000000005,2.546932651937073,0.12809517631255182,3.8372340795166675,0.0723413189341006
"lig 2, deprot",lig 51 stereo,22.348096797354433,0.09499514024907926,19.61513688520906,0.09310628051198726,1.0099999999999998,2.7329599121453696,0.1330144959834044,2.0916698459864946,0.07506338934837588
"lig 2, deprot","lig 66, deprot",24.474250998108463,0.09362844130614559,21.08566782854777,0.09011654606900411,0.120000000000001,3.388583169560693,0.1299510557741848,2.6727136605412714,0.07218177161978474
