mol,smiles,pred_dg (kcal/mol),pred_dg_err (kcal/mol),exp_dg (kcal/mol)
lig 51 stereo,CN1Cc2cncn2Cc2ccc(C#N)c(c2)Oc2ccc3cccc(c3c2)N2CC[C@H]1C2=O,-11.792387726968188,0.05163726826375287,-11.4
lig 49 stereo,N#Cc1ccc2cc1Oc1ccc3cccc(c3c1)N1CC[C@H](NCc3cncn3C2)C1=O,-10.046823493438016,0.04759371259317951,-11.6
"lig 66, deprot",N#Cc1ccc2cc1Oc1ccc3cccc(c3c1)N1CC[C@H](NCCc3cncn3C2)C1=O,-11.211343912413412,0.04735085223570609,-12.29
"lig 68, deprot",CN1CCc2cncn2Cc2ccc(C#N)c(c2)Oc2ccc3cccc(c3c2)N2CC[C@H]1C2=O,-12.875387294225703,0.04767277777778892,-12.11
"lig 2, deprot",N#Cc1ccc(Cn2cncc2CN2CCN(c3cccc(Cl)c3)C(=O)C2)cc1,-13.884057572954683,0.05448031705784291,-12.41
