mol,smiles,pred_dg (kcal/mol),pred_dg_err (kcal/mol),exp_dg (kcal/mol)
1,CC(C)c1cc(C(=O)N2Cc3ccccc3C2)c(O)cc1O,-10.780209488647767,0.03808487909256688,-12.72
2,COc1cc(O)c(C(=O)N2Cc3ccccc3C2)cc1C(C)C,-12.168821778375328,0.03200890514383794,-10.74
3,CC1(C)COc2cc(O)c(C(=O)N3Cc4ccccc4C3)cc21,-9.28397475068151,0.02800903626584409,-8.08
4,CC1(C)CNc2cc(O)c(C(=O)N3Cc4ccccc4C3)cc21,-8.236993982295392,0.031096470933160848,-8.93
