mol_a,mol_b,complex_pred_dg (kcal/mol),complex_pred_dg_err (kcal/mol),solvent_pred_dg (kcal/mol),solvent_pred_dg_err (kcal/mol),exp_ddg (kcal/mol),pred_ddg (kcal/mol),pred_ddg_err (kcal/mol),mle_ddg (kcal/mol),mle_ddg_err (kcal/mol)
ligand_4,ligand_6,16.982823584382942,0.05475421762616473,19.599802899385313,0.05636408345687942,-0.20999999999999908,-2.616979315002372,0.07858074988053676,-2.576436046484524,0.05785991399645304
ligand_5,ligand_4,-1.1281576445550763,0.07984024435608764,-4.3348627366502575,0.08418102719573232,0.29999999999999893,3.2067050920951807,0.11602116168427382,3.039073476085173,0.0621492466565847
ligand_5,ligand_6,15.33428127581079,0.07712879540876708,15.030250676133406,0.08095505690921231,0.08999999999999986,0.304030599677383,0.11181490204968769,0.46263742960064924,0.05889048555256995
ligand_5,ligand_7,16.72087913345842,0.08102529003583837,16.751911861751722,0.08646665571412077,0.9100000000000001,-0.0310327282932984,0.11849717370374713,-0.03430048557304666,0.06269439122648446
ligand_7,ligand_4,-19.194682073405183,0.07991062915793111,-22.02410794772555,0.08025484240233546,-0.6100000000000012,2.829425874320367,0.11325435259379699,3.07337396165822,0.06172736062978056
ligand_7,ligand_6,-1.7074766017185699,0.0779926884962905,-2.451465380311745,0.08215720828810191,-0.8200000000000003,0.743988778593175,0.11328135915751526,0.4969379151736959,0.058445080879022046
