mol,smiles,pred_dg (kcal/mol),pred_dg_err (kcal/mol),exp_dg (kcal/mol)
ligand_4,O=C1Nc2cncc(n2)OCCCCCOc2ccc(Cl)cc2N1,-8.682779128943022,0.043256266708076516,-10.88
ligand_6,N#Cc1ncc2nc1OCCCCCOc1ccc(Cl)cc1NC(=O)N2,-11.259215175427546,0.03842739957578047,-11.09
ligand_5,N#Cc1ncc2nc1OCCCCOc1ccc(Cl)cc1NC(=O)N2,-11.721852605028195,0.04462537675427241,-11.18
ligand_7,N#Cc1ncc2nc1OCCCCCCOc1ccc(Cl)cc1NC(=O)N2,-11.756153090601241,0.0440359221636011,-10.27
