mol_a,mol_b,complex_pred_dg (kcal/mol),complex_pred_dg_err (kcal/mol),solvent_pred_dg (kcal/mol),solvent_pred_dg_err (kcal/mol),pred_ddg (kcal/mol),pred_ddg_err (kcal/mol),exp_ddg (kcal/mol)
4,3,-2.5116256474115217,0.03734478274519985,-2.2980276099913532,0.03979110763708563,-0.21359803742016872,0.05457073432960483,0.8500000000000009
1,2,7.931020429543037,0.05692250509162844,9.936165817053098,0.05761025831924477,-2.005145387510061,0.08098835378939725,1.9800000000000002
1,3,23.346920571167935,0.05932246405296573,20.480839711898447,0.06071483867958023,2.866080859269488,0.08488490076098848,4.640000000000001
4,1,-26.054012814524505,0.06128835380017431,-22.638783028929133,0.06163723556655568,-3.4152297855953724,0.08692186790343623,-3.79
4,2,-16.546040262683107,0.06732997234475764,-12.929410749417425,0.06815551154767671,-3.6166295132656807,0.0958044828297263,-1.8099999999999996
3,2,-12.65575121536677,0.06388616724084645,-10.044833247272608,0.0627218901166987,-2.610917968094162,0.08952920118339394,-2.6600000000000006
