mol_a,mol_b,complex_pred_dg (kcal/mol),complex_pred_dg_err (kcal/mol),solvent_pred_dg (kcal/mol),solvent_pred_dg_err (kcal/mol),exp_ddg (kcal/mol),pred_ddg (kcal/mol),pred_ddg_err (kcal/mol),mle_ddg (kcal/mol),mle_ddg_err (kcal/mol)
ligand_4,ligand_6,14.977123841379264,0.05116188342726647,19.315719426484634,0.05105451816728755,-0.20999999999999908,-4.338595585105368,0.07227795058743086,-3.974170729556004,0.05491703026016175
ligand_5,ligand_4,-0.6669880347173633,0.0812893671122424,-3.9686186438593127,0.08410998153366539,0.29999999999999893,3.301630609141949,0.11697200604889381,3.687221473668199,0.06043929249487515
ligand_5,ligand_6,15.521197493818482,0.0755134621031788,14.900370965109023,0.07739809722651039,0.08999999999999986,0.6208265287094604,0.1081330125960272,-0.28694925588780507,0.05663762085718379
ligand_5,ligand_7,17.659063238607782,0.07889575239454086,17.639714606106534,0.08199432745971819,0.9100000000000001,0.01934863250124893,0.11378756294724039,0.6596645399216818,0.060467461903120225
ligand_7,ligand_4,-19.61098663365042,0.0784408217250908,-22.132052629761805,0.07764695582589803,-0.6100000000000012,2.5210659961113855,0.11037215347150041,3.027556933746517,0.058858933606027196
ligand_7,ligand_6,-3.6672055254873057,0.0738531804287082,-2.6353312304739083,0.07327421343301826,-0.8200000000000003,-1.0318742950133972,0.10403558340136725,-0.9466137958094869,0.05494803075925238
