mol,smiles,pred_dg (kcal/mol),pred_dg_err (kcal/mol),exp_dg (kcal/mol)
ligand_4,O=C1Nc2cncc(n2)OCCCCCOc2ccc(Cl)cc2N1,-8.18276271575732,0.04159908769140552,-10.88
ligand_6,N#Cc1ncc2nc1OCCCCCOc1ccc(Cl)cc1NC(=O)N2,-12.156933445313324,0.03585242133856896,-11.09
ligand_5,N#Cc1ncc2nc1OCCCCOc1ccc(Cl)cc1NC(=O)N2,-11.86998418942552,0.04384545564278954,-11.18
ligand_7,N#Cc1ncc2nc1OCCCCCCOc1ccc(Cl)cc1NC(=O)N2,-11.210319649503838,0.04164000442460916,-10.27
