mol,smiles,pred_dg (kcal/mol),pred_dg_err (kcal/mol),exp_dg (kcal/mol)
8c_adjust,O=c1[nH]c(-c2ccc(C3CC[NH2+]CC3)cc2)nc2c(F)cc(F)cc12,-11.374938067620171,0.034531636740849074,-10.123
8d,Cc1cc(F)cc2c(=O)[nH]c(-c3ccc(C4CC[NH2+]CC4)cc3)nc12,-11.658671547375763,0.035489278518439554,-12.4895
8f,Cc1cc(F)cc2c(=O)[nH]c(-c3ccc([C@H]4CC[N@H+](C)CC4)cc3)nc12,-11.925701236916245,0.032985641627438285,-11.8111
8e,C[N@H+]1CC[C@H](c2ccc(-c3nc4c(F)cc(F)cc4c(=O)[nH]3)cc2)CC1,-11.350957746807946,0.033893245416793845,-10.2436
8b,Cc1cc(F)cc2c(=O)[nH]c(-c3ccc(N4CC[NH+](C)CC4)cc3)nc12,-10.906755837554115,0.03373439672415625,-11.93
8a,C[NH+]1CCN(c2ccc(-c3nc4ccc(F)cc4c(=O)[nH]3)cc2)CC1,-10.186175563725755,0.03983438786700147,-10.806
