mol_a,mol_b,complex_pred_dg (kcal/mol),complex_pred_dg_err (kcal/mol),solvent_pred_dg (kcal/mol),solvent_pred_dg_err (kcal/mol),pred_ddg (kcal/mol),pred_ddg_err (kcal/mol),exp_ddg (kcal/mol)
8b,8a,0.5788790450455409,0.04980350860127484,-0.5719588464061602,0.051257793215355736,1.150837891451701,0.07146853037740056,1.1309960839922617
8b,8d,-10.362677737827793,0.06491233370132375,-9.897843486918083,0.06332192724605516,-0.46483425090970953,0.09068228899132794,-0.563054730112017
8c,8a,13.537771928565526,0.08604989049292876,12.027298046198782,0.08785662617144475,1.5104738823667434,0.12297711338323901,-0.6871869055329446
8d,8c,0.8015273198106806,0.08460677103933426,0.7492600088188373,0.08308390107109506,0.05226731099184332,0.11858010087233793,2.381237719637223
8d,8f,9.832240252194108,0.05628931749089381,9.38052029080227,0.05760869573361803,0.4517199613918386,0.08054346086256305,0.6826875274826852
8e,8b,0.7628370666957378,0.052302645068547496,-0.1774131000625472,0.053042161730675386,0.940250166758285,0.074491862657807,-1.6968044668607012
8e,8c,-9.885858024785602,0.0841473284389889,-10.029183881125356,0.08424685232744769,0.14332585633975442,0.11907268792843238,0.12137852266450505
8e,8f,-1.369749907835192,0.03332500967310093,-0.7374087597963446,0.032515851848588295,-0.6323411480388474,0.04656003534310958,-1.5771716694900328
8f,8a,2.374559583863547,0.06026049835181331,-0.083324178580627,0.061344376280621817,2.4578837624441743,0.08599104699250622,1.0113632866215934
