mol_a,mol_b,complex_pred_dg (kcal/mol),complex_pred_dg_err (kcal/mol),solvent_pred_dg (kcal/mol),solvent_pred_dg_err (kcal/mol),pred_ddg (kcal/mol),pred_ddg_err (kcal/mol),exp_ddg (kcal/mol)
31,6,-10.50505555104267,0.0400119491926552,-11.720269695337741,0.04180810278541161,1.2152141442950728,0.05786945253509111,0.5199999999999999
31,7,7.6066743752684065,0.07045576255432572,4.144934476084552,0.06920374107874463,3.461739899183854,0.09875815032900045,0.6399999999999998
7,6,-18.30508238637228,0.06816695406028195,-16.086231668675655,0.0645865903856007,-2.2188507176966263,0.09390506527069752,-0.11999999999999986
