mol_a,mol_b,complex_pred_dg (kcal/mol),complex_pred_dg_err (kcal/mol),solvent_pred_dg (kcal/mol),solvent_pred_dg_err (kcal/mol),exp_ddg (kcal/mol),pred_ddg (kcal/mol),pred_ddg_err (kcal/mol),mle_ddg (kcal/mol),mle_ddg_err (kcal/mol)
25e,11,40.060218387661166,0.0889006863499011,38.522980483199056,0.09027724234622744,3.1000000000000014,1.537237904462111,0.12670166738888236,1.9387804192224092,0.07635992315345544
61a,11,28.0643937639846,0.09614143349544525,23.055786151251887,0.09778162183759603,3.8000000000000007,5.008607612732715,0.13712921207295606,4.538251454200381,0.073526609361858
61a,25e,-20.937669974063038,0.06411073224030477,-23.327702000259578,0.06529164786159528,0.6999999999999993,2.3900320261965393,0.09150511061613231,2.599471034977972,0.06857376279087528
