mol_a,mol_b,complex_pred_dg (kcal/mol),complex_pred_dg_err (kcal/mol),solvent_pred_dg (kcal/mol),solvent_pred_dg_err (kcal/mol),pred_ddg (kcal/mol),pred_ddg_err (kcal/mol),exp_ddg (kcal/mol)
17,19,-2.7314225927185025,0.039917425309484916,-0.6571712458965766,0.04054449593429901,-2.0742513468219252,0.056896897928663,-0.340000000000001
18,15,3.413717655960131,0.04042746236089772,1.1008527999365616,0.039659291305667387,2.3128648560235696,0.05663249155572785,-0.92
17,16,-2.358431079343603,0.03927323722820043,-4.445548228277871,0.04302577346293175,2.0871171489342677,0.05825465083979159,1.7999999999999996
15,14,-3.7554189828934534,0.05246497887632149,-4.4529228708597115,0.05015605268971309,0.6975038879662584,0.07258239201008834,1.1599999999999997
17,14,3.962648955359954,0.05362823278212844,4.317561020406376,0.05500476886679823,-0.35491206504642203,0.0768212988006845,1.1999999999999986
14,16,-6.3839864000135496,0.05408480242987075,-8.981325260749719,0.05554984163041314,2.597338860736169,0.07753032154610306,0.600000000000001
18,19,-8.060678548842187,0.03457257315882964,-8.524593290792211,0.03915037508207361,0.46391474195002336,0.05223039999741221,-1.2999999999999998
18,16,-7.278851105004898,0.04365152310172677,-12.314640059590689,0.04658192273011175,5.035788954585791,0.06383831916909065,0.8400000000000006
19,15,11.261219510980347,0.04635940321130491,9.684628272508851,0.046384621561946476,1.5765912384714955,0.06557993125608884,0.37999999999999984
