mol,smiles,pred_dg (kcal/mol),pred_dg_err (kcal/mol),exp_dg (kcal/mol)
1_1W7H,Nc1ncccc1OCc1ccccc1,-3.0142171471400148,0.0362170595993268,-3.94
3,c1ccc(COc2cccnc2)cc1,-1.9435561798630685,0.03297747807953,-4.09
5_1WBW,Nc1ncccc1OCc1cccc2ccccc12,-5.615827313423531,0.0447920170790714,-5.94
6,OCCNc1ccc(OCc2c(Cl)cccc2Cl)cn1,-6.190321070283293,0.04641514992451039,-5.04
4,Nc1ncccc1OCc1c(Cl)cccc1Cl,-5.610884193602145,0.0396230828497082,-5.4
7,CC(C)(CO)Nc1ccc(OCc2c(Cl)cccc2Cl)cn1,-8.335194095687946,0.05230434702982244,-6.3
