mol_a,mol_b,complex_pred_dg (kcal/mol),complex_pred_dg_err (kcal/mol),solvent_pred_dg (kcal/mol),solvent_pred_dg_err (kcal/mol),pred_ddg (kcal/mol),pred_ddg_err (kcal/mol),exp_ddg (kcal/mol)
CHEMBL3264995,CHEMBL3265001,18.723188812784397,0.06363125740534584,19.357468488507777,0.06263093454862459,-0.6342796757233808,0.08928365405503673,0.3435000000000003
CHEMBL3264997,CHEMBL3264995,0.2147116318176976,0.06975987673978508,0.06675650287432384,0.06874706512970787,0.14795512894337373,0.09794181623136414,-1.3984999999999994
CHEMBL3264997,CHEMBL3265001,10.299987986347567,0.07176475138639977,10.170518791262808,0.06962761525119358,0.12946919508475901,0.09999092132348823,-1.0549999999999993
CHEMBL3265001,redocked CHEMBL3265000 ground state,-27.22917865533107,0.07296689044525953,-27.2977274963896,0.07186239840638131,0.06854884105853397,0.10241275021191446,0.22690000000000118
docked CHEMBL3264994,CHEMBL3264995,-10.612298944666955,0.0764089182782446,-7.344984753504825,0.07445525529058407,-3.26731419116213,0.10668602454322454,-2.576540000000002
docked CHEMBL3264994,redocked CHEMBL3265000 ground state,-18.084758906628704,0.08728589505485342,-15.12027700731992,0.0855834223680606,-2.964481899308784,0.12224299431769799,-2.0061400000000003
docked CHEMBL3264998,CHEMBL3264997,0.7880828748394888,0.07116415165185479,0.8974746458769276,0.0714913114718647,-0.1093917710374388,0.1008729106167526,0.729099999999999
docked CHEMBL3264998,redocked CHEMBL3265000 ground state,-13.027084488329368,0.07740542312396032,-14.223314733225441,0.07562091745711597,1.1962302448960733,0.10821332028015439,-0.09899999999999907
docked CHEMBL3264998,docked CHEMBL3264994,11.807210002433935,0.08620677499517905,7.427590841532098,0.08553011201375696,4.379619160901838,0.12143725999937267,1.9071400000000012
