mol_a,mol_b,complex_pred_dg (kcal/mol),complex_pred_dg_err (kcal/mol),solvent_pred_dg (kcal/mol),solvent_pred_dg_err (kcal/mol),exp_ddg (kcal/mol),pred_ddg (kcal/mol),pred_ddg_err (kcal/mol),mle_ddg (kcal/mol),mle_ddg_err (kcal/mol)
31,6,-12.847976711720133,0.04069492411553247,-14.389029611709486,0.04461580640981525,0.5200000000000005,1.5410528999893527,0.06038747411812368,1.4450279995889517,0.0497006488176338
31,7,8.184427758529397,0.0712578805615484,3.401830697747281,0.07084440119217236,0.6399999999999997,4.782597060782116,0.10048191241413237,5.048464976427352,0.05790736209376537
7,6,-21.746718363928824,0.06959831921697555,-17.89935040685219,0.06648014940320934,-0.11999999999999922,-3.8473679570766364,0.09624726646768242,-3.6034369768384007,0.05852473009354922
