mol_a,mol_b,complex_pred_dg (kcal/mol),complex_pred_dg_err (kcal/mol),solvent_pred_dg (kcal/mol),solvent_pred_dg_err (kcal/mol),exp_ddg (kcal/mol),pred_ddg (kcal/mol),pred_ddg_err (kcal/mol),mle_ddg (kcal/mol),mle_ddg_err (kcal/mol)
"lig 2, deprot",lig 49 stereo,5.070791430751915,0.09271580064838225,3.387756429628482,0.08946282401589623,0.8100000000000005,1.6830350011234327,0.12884027542181745,2.3149003581924745,0.07576005145576031
"lig 2, deprot",lig 51 stereo,15.771291609909873,0.09716622923290424,16.15723071354281,0.09447933205775866,1.0099999999999998,-0.3859391036329344,0.13552719391111703,-1.2094637560014778,0.07429724905196096
"lig 2, deprot","lig 66, deprot",17.73576506480293,0.09493485419102235,15.287102300117725,0.093199749531835,0.120000000000001,2.4486627646852033,0.13303691161879644,2.5685028218500108,0.07748423355797941
lig 51 stereo,lig 49 stereo,-10.268869622914748,0.04685863336897232,-14.014771926201114,0.05130653307906626,-0.1999999999999993,3.745902303286366,0.06948447206247656,3.5243641141939523,0.05641891589113497
"lig 66, deprot",lig 49 stereo,-8.338764989834937,0.08434434327799813,-7.899613150912431,0.08409652230395356,0.6899999999999995,-0.43915183892250526,0.11910580719098522,-0.25360246365753625,0.06055426742773255
"lig 66, deprot","lig 68, deprot",8.91269130768178,0.05199704864660535,10.812356593435227,0.05009325334035578,0.17999999999999972,-1.8996652857534475,0.072201295682131,-1.9325516596890093,0.06287574005552661
"lig 68, deprot",lig 49 stereo,-17.35028042296191,0.08970712401650414,-19.11007095694003,0.08558531379256216,0.5099999999999998,1.7597905339781201,0.12398473307743896,1.678949196031473,0.06073827157601789
"lig 68, deprot",lig 51 stereo,-6.0847759308256135,0.08811517238927015,-4.255557502478186,0.08756271240394461,0.7099999999999991,-1.8292184283474275,0.12422363788235599,-1.8454149181624793,0.05890359457751084
