mol_a,mol_b,complex_pred_dg (kcal/mol),complex_pred_dg_err (kcal/mol),solvent_pred_dg (kcal/mol),solvent_pred_dg_err (kcal/mol),exp_ddg (kcal/mol),pred_ddg (kcal/mol),pred_ddg_err (kcal/mol),mle_ddg (kcal/mol),mle_ddg_err (kcal/mol)
8c_adjust,8d,-1.0279653103019137,0.03320135929193571,-0.7751290030506144,0.034040954391215135,-2.3665000000000003,-0.25283630725129935,0.047551202242393356,-0.32224672329701676,0.04671232981608575
8f,8e,1.5123680337558298,0.03394330504898575,0.7279319821939486,0.03476732119275016,1.567499999999999,0.7844360515618811,0.048589243465692655,0.813585827233732,0.04603684863307121
8b,8a,-0.5134780974634124,0.04575352291919728,-0.9881033635147392,0.049019316643929604,1.1240000000000006,0.4746252660513267,0.0670542934028489,0.281086481331954,0.051056857160694594
8f,8b,1.2923083174866545,0.04964868942362859,0.6786355787525111,0.05048989249650721,-0.1189,0.6136727387341434,0.07081116865151135,0.6520310101345643,0.046431159088928836
8c_adjust,8e,10.178951370179005,0.05051574316690179,9.958151557415714,0.050722127731260745,-0.12060000000000137,0.22079981276329197,0.07158613377806289,0.7054652270013744,0.04619155162226768
8d,8f,10.085952669001612,0.050408494961670026,9.973304689457214,0.05033612484004845,0.6783999999999999,0.11264797954439824,0.07123722221011748,0.21412612306465917,0.046559357251131216
8e,8a,-1.4039956351056282,0.05615864244386034,-0.8430703581044148,0.0566583253725188,-0.5623999999999985,-0.5609252770012135,0.07977442544547443,0.11953166423278638,0.05069853608192708
8d,8b,11.915058924711587,0.0607947187756055,10.674584671807224,0.06072758876326101,0.5594999999999999,1.240474252904363,0.08592926083706705,0.8661571331992235,0.04720620950964189
8c_adjust,8a,10.190335547574238,0.06455806730146336,8.83479080617841,0.06432517812641396,-0.6829999999999998,1.3555447413958281,0.09113436560757505,0.8249968912341608,0.05060057513216762
