mol,smiles,pred_dg (kcal/mol),pred_dg_err (kcal/mol),exp_dg (kcal/mol)
10,NC(=O)c1nnc2c(-c3ccc4cn[nH]c4c3)cccc2c1N,-12.23321498430792,0.03003755077159086,-10.8701
11,Cc1cc2cn[nH]c2cc1-c1cccc2c(N)c(C(N)=O)nnc12,-13.996042244410132,0.04559194221520401,-11.5248
2,NC(=O)c1nnc2ccccc2c1N,-6.533509724925972,0.04440894673507734,-7.687929999999999
7,Cn1cc(-c2cccc3c(N)c(C(N)=O)nnc23)cn1,-6.593419219810238,0.04656836792937982,-9.08461
8,Cc1ccncc1-c1cccc2c(N)c(C(N)=O)nnc12,-8.472497020459675,0.04711496957689838,-9.60639
9 flip,NC(=O)c1nnc2c(-c3ccc4cc[nH]c4c3)cccc2c1N,-9.276056806086057,0.05194494485466679,-8.33091
