mol,smiles,pred_dg (kcal/mol),pred_dg_err (kcal/mol),exp_dg (kcal/mol)
8b,Cc1cc(F)cc2c(=O)[nH]c(-c3ccc(N4CC[NH+](C)CC4)cc3)nc12,-10.92580840423473,0.037016907228044266,-12.004063145357538
8a,C[NH+]1CCN(c2ccc(-c3nc4ccc(F)cc4c(=O)[nH]3)cc2)CC1,-9.732098866589695,0.043607520312316954,-10.873067061365276
8e,C[N@H+]1CC[C@H](c2ccc(-c3nc4c(F)cc(F)cc4c(=O)[nH]3)cc2)CC1,-11.425414874290912,0.03494879443726503,-10.307258678496837
8d,Cc1cc(F)cc2c(=O)[nH]c(-c3ccc(C4CC[NH2+]CC4)cc3)nc12,-12.172967933572618,0.045389429742909236,-12.567117875469554
8f,Cc1cc(F)cc2c(=O)[nH]c(-c3ccc([C@H]4CC[N@H+](C)CC4)cc3)nc12,-11.847991128413543,0.03355823123565252,-11.88443034798687
8c,O=c1[nH]c(-c2ccc(C3CC[NH2+]CC3)cc2)nc2c(F)cc(F)cc12,-11.717536057406914,0.048990184456033495,-10.185880155832331
