mol_a,mol_b,complex_pred_dg (kcal/mol),complex_pred_dg_err (kcal/mol),solvent_pred_dg (kcal/mol),solvent_pred_dg_err (kcal/mol),pred_ddg (kcal/mol),pred_ddg_err (kcal/mol),exp_ddg (kcal/mol)
11417 (no water pose),8696 (no water pose),0.11339269718069582,0.04032234991540111,-0.7976964863006305,0.04083517144819461,0.9110891834813263,0.05738817935693287,0.7634299999999998
"10302 (1GJ7, no water pose)",11417 (no water pose),2.2710884244111673,0.043090889342187806,0.5228398334916192,0.045205113665722996,1.7482485909195482,0.06245259839135287,0.25679999999999964
11417 (no water pose),7806 (no water pose),-11.654420037035013,0.05031805229904108,-12.7526031037664,0.05015128951924275,1.0981830667313883,0.07104265076425527,1.9141
7806 (no water pose),8696 (no water pose),12.385946274562773,0.04390329040116738,12.038679534283013,0.04534203350053436,0.34726674027976034,0.0631141736063526,-1.15067
"10302 (1GJ7, no water pose)",7806 (no water pose),-9.827924555987748,0.059877226388879844,-12.365860796122393,0.06039299493198243,2.5379362401346452,0.08504467106691414,2.1708999999999996
"10302 (1GJ7, no water pose)",8696 (no water pose),2.7393513564423473,0.0548042601894125,-0.3386723923347244,0.05537860218839689,3.078023748777072,0.07791210762936361,1.0202299999999995
