mol_a,mol_b,complex_pred_dg (kcal/mol),complex_pred_dg_err (kcal/mol),solvent_pred_dg (kcal/mol),solvent_pred_dg_err (kcal/mol),exp_ddg (kcal/mol),pred_ddg (kcal/mol),pred_ddg_err (kcal/mol),mle_ddg (kcal/mol),mle_ddg_err (kcal/mol)
"10302 (1GJ7, no water pose)",11417 (no water pose),2.7527596883735472,0.04384364521518461,0.8631529693518316,0.04470741784560987,0.25680000000000014,1.8896067190217156,0.06261803602938164,1.8224523215881234,0.04002027014731972
"10302 (1GJ7, no water pose)",7806 (no water pose),-11.424226857918402,0.05282913032558611,-14.572237184767966,0.056291255813021156,2.1708999999999996,3.1480103268495627,0.0771985912563484,3.0036658567994223,0.03910503964796438
"10302 (1GJ7, no water pose)",8696 (no water pose),1.4941689222689878,0.041827313549155774,-1.431878093195886,0.04529742211632057,1.0202299999999997,2.926047015464874,0.06165533723144752,3.0832233804453306,0.0382807410256712
11417 (no water pose),7806 (no water pose),-13.862598709028072,0.05135298859719757,-15.131256754010568,0.053934126231694475,1.9140999999999995,1.268658044982497,0.07447160136750287,1.181213535211299,0.03962689689474134
11417 (no water pose),8696 (no water pose),-0.5832798641872643,0.040366192961189346,-1.8488173318607595,0.04331351615412268,0.7634299999999996,1.2655374676734952,0.05920718044134021,1.2607710588572072,0.038813682704841354
7806 (no water pose),8696 (no water pose),13.198363982188415,0.04506985134165599,12.933210681416709,0.05108870288894328,-1.1506699999999999,0.2651533007717056,0.06812743252782752,0.07955752364590829,0.037869302453524496
