mol,smiles,pred_dg (kcal/mol),pred_dg_err (kcal/mol),exp_dg (kcal/mol)
10,NC(=O)c1nnc2c(-c3ccc4cn[nH]c4c3)cccc2c1N,-12.794739598909672,0.03019381305593209,-10.8701
11,Cc1cc2cn[nH]c2cc1-c1cccc2c(N)c(C(N)=O)nnc12,-14.972549499498275,0.04581165223042852,-11.5248
2,NC(=O)c1nnc2ccccc2c1N,-6.131994177117949,0.04526100575870645,-7.687929999999999
7,Cn1cc(-c2cccc3c(N)c(C(N)=O)nnc23)cn1,-5.7740937762517754,0.04755914506710747,-9.08461
8,Cc1ccncc1-c1cccc2c(N)c(C(N)=O)nnc12,-8.615815543233843,0.04710930944504654,-9.60639
9 flip,NC(=O)c1nnc2c(-c3ccc4cc[nH]c4c3)cccc2c1N,-8.81554740498849,0.052089634520105066,-8.33091
