mol_a,mol_b,complex_pred_dg (kcal/mol),complex_pred_dg_err (kcal/mol),solvent_pred_dg (kcal/mol),solvent_pred_dg_err (kcal/mol),pred_ddg (kcal/mol),pred_ddg_err (kcal/mol),exp_ddg (kcal/mol)
8b,8a,-0.5192728009822724,0.048679115323072494,-1.6663189956137727,0.04963834029290908,1.1470461946315003,0.06952424825678903,1.1309960839922617
8e,8b,9.74236391636231,0.051623307518950196,8.462239947033522,0.05336865112328757,1.2801239693287862,0.0742507831737503,-1.6968044668607012
8d,8f,9.49823636398574,0.054834059542965136,9.627898264313716,0.055750729008733374,-0.12966190032797612,0.07819794032432485,0.6826875274826852
8b,8d,-18.96185771434846,0.062094128682082465,-17.804864376668167,0.06205754076490805,-1.156993337680296,0.0877884911738164,-0.563054730112017
8e,8f,-0.18520913747428122,0.03382573027201787,0.11385281165172403,0.035527716633516525,-0.2990619491260053,0.04905505761516087,-1.5771716694900328
8d,8c,-0.04023698126150508,0.08127475498544512,-0.21086976696167015,0.08025598424105507,0.17063278570016507,0.1142217527638436,2.381237719637223
8c,8a,17.058021587905763,0.08401199234487404,15.317719750993202,0.08466704786447443,1.7403018369125616,0.11927499256692653,-0.6871869055329446
8f,8a,9.114235282088593,0.059156014610461154,6.58186087256312,0.06048684090343584,2.5323744095254725,0.08460550801851291,1.0113632866215934
8e,8c,-10.436323013915349,0.08256941571827597,-10.094853556805743,0.0805510102138681,-0.34146945710960525,0.11535238904562037,0.12137852266450505
