mol,smiles,pred_dg (kcal/mol),pred_dg_err (kcal/mol),exp_dg (kcal/mol)
CHEMBL1078691,CC(C)(C)c1ccc2c(c1)[C@H]1OCCC[C@H]1[C@H](c1ccc(O)cc1)N2,-11.625294414872602,0.040337563368219545,-10.2494
CHEMBL1089056,CC(C)(C)c1ccc2c(c1)[C@H]1OCCC[C@H]1[C@H](c1ccccc1)N2,-10.319780633175538,0.034922887720456666,-9.49772
CHEMBL1078774,CC(C)(C)c1ccc2c(c1)[C@H]1OCCC[C@H]1[C@H](c1ccc(O)c(F)c1)N2,-11.87383246513214,0.04790748791156039,-10.6625
CHEMBL1084115,CC(C)(C)c1ccc2c(c1)[C@H]1OCCC[C@H]1[C@H](c1ccsc1)N2,-10.634817337163902,0.049806947323951925,-9.49772
CHEMBL1078998,CC(C)(C)c1ccc2c(c1)[C@H]1OCCC[C@H]1[C@H](c1cccs1)N2,-10.65972261052567,0.05099404647094583,-10.4326
CHEMBL1088740,Cc1ccc2c(c1)[C@H]1OCCC[C@H]1[C@H](c1ccccc1)N2,-7.334340334882557,0.05263485187500704,-8.75107
CHEMBL1089393,Clc1ccc2c(c1)[C@H]1OCCC[C@H]1[C@H](c1ccccc1)N2,-7.434734585331019,0.0468787498337174,-8.42983
CHEMBL1085895,O=C(NCCCO)NC[C@H]1CC[C@@H]2[C@H](O1)c1cc(C(F)(F)F)ccc1N[C@H]2c1ccccc1,-10.140894143710666,0.05866541701038561,-10.9219
CHEMBL1093088,FC(F)(F)c1ccc2c(c1)[C@H]1O[C@@H](Cn3cncn3)CC[C@H]1[C@H](c1ccccc1)N2,-9.702523475205915,0.060566090182166916,-11.2832
