mol_a,mol_b,complex_pred_dg (kcal/mol),complex_pred_dg_err (kcal/mol),solvent_pred_dg (kcal/mol),solvent_pred_dg_err (kcal/mol),exp_ddg (kcal/mol),pred_ddg (kcal/mol),pred_ddg_err (kcal/mol),mle_ddg (kcal/mol),mle_ddg_err (kcal/mol)
4,3,-2.2557562023226456,0.037627805984088346,-2.2867072503686696,0.03965428551924202,0.8499999999999996,0.030951048046024252,0.05466547487416315,-0.15454327383233135,0.04250670388188268
1,2,9.592499099591691,0.04503097296903964,10.510182339031092,0.046288259510486054,1.9800000000000004,-0.9176832394393988,0.06457856838803784,-0.7699519125780547,0.04499379456481061
1,3,23.419721908195935,0.059021247154430995,20.446615433509056,0.06144346648153033,4.640000000000001,2.973106474686882,0.08519863372690534,2.762542626237355,0.04125048820455248
4,1,-25.826851383441042,0.05980721341043235,-22.863146797983806,0.06073984046816034,-3.790000000000001,-2.9637045854572373,0.08524219023475739,-2.9170859000696865,0.041439589219053795
3,2,-12.759699256426893,0.062864531821404,-9.953239830448664,0.06339825099116718,-2.66,-2.80645942597823,0.08928206757162016,-3.53249453881541,0.04597849355512337
4,2,-16.385039578736986,0.06490215761731019,-12.232465043561756,0.0644362663354846,-1.8100000000000005,-4.152574535175229,0.09145666997348899,-3.687037812647741,0.04614822474514613
