mol,smiles,pred_dg (kcal/mol),pred_dg_err (kcal/mol),exp_dg (kcal/mol)
4,CC1(C)CNc2cc(O)c(C(=O)N3Cc4ccccc4C3)cc21,-8.42783325336256,0.030186558701117753,-8.93
3,CC1(C)COc2cc(O)c(C(=O)N3Cc4ccccc4C3)cc21,-8.582376527194892,0.02992643561612428,-8.08
1,CC(C)c1cc(C(=O)N2Cc3ccccc3C2)c(O)cc1O,-11.344919153432247,0.028390336884719976,-12.72
2,COc1cc(O)c(C(=O)N2Cc3ccccc3C2)cc1C(C)C,-12.114871066010302,0.03490602127015466,-10.74
