mol_a,mol_b,complex_pred_dg (kcal/mol),complex_pred_dg_err (kcal/mol),solvent_pred_dg (kcal/mol),solvent_pred_dg_err (kcal/mol),exp_ddg (kcal/mol),pred_ddg (kcal/mol),pred_ddg_err (kcal/mol),mle_ddg (kcal/mol),mle_ddg_err (kcal/mol)
CHEMBL3264995,CHEMBL3265001,19.44450868055836,0.06272536667709917,20.14113505075015,0.06392552231052116,0.3435000000000006,-0.69662637019179,0.08955972324348419,-0.3651855336306813,0.07103264402974005
CHEMBL3264997,CHEMBL3264995,0.7700648934323772,0.0705809717697787,-0.08645822479902845,0.06933048699546487,-1.3985000000000003,0.8565231182314057,0.09893629264832306,0.18830962449109734,0.07002380257640142
CHEMBL3264997,CHEMBL3265001,10.760305726807475,0.07344498581134276,10.825233294377293,0.07073362427514794,-1.0549999999999997,-0.06492756756981836,0.10196769853206522,-0.17687590913958395,0.07216035832243789
CHEMBL3265001,redocked CHEMBL3265000 ground state,-25.85299499898126,0.07502825968047493,-26.356746967175713,0.07509496096790852,0.22690000000000055,0.5037519681944533,0.10615315781196753,0.848060547480948,0.0773504644672728
docked CHEMBL3264994,CHEMBL3264995,-12.2505779868689,0.07678734637720884,-7.259358125713382,0.07707464089352972,-2.5765400000000014,-4.991219861155517,0.10879704422694585,-3.694050765002487,0.07676737330280675
docked CHEMBL3264994,redocked CHEMBL3265000 ground state,-16.192590953646516,0.0896523401900121,-14.257748497778186,0.08616456501421046,-2.0061400000000003,-1.9348424558683277,0.1243457854759612,-3.2111757511522203,0.08264797298941792
docked CHEMBL3264998,CHEMBL3264997,0.8807765624746752,0.07362878241178573,0.4702619532326929,0.07220964546290572,0.729099999999999,0.41051460924198235,0.10312822357299008,-0.43003396358767176,0.07368137136231405
docked CHEMBL3264998,docked CHEMBL3264994,10.673445696739885,0.08742023160140935,7.628247903996423,0.08610362020578155,1.90714,3.0451977927434624,0.12270342418117566,3.4523264259059125,0.08011767072490861
docked CHEMBL3264998,redocked CHEMBL3265000 ground state,-13.565597330959589,0.07781438887194554,-13.186979695642417,0.07658552448456857,-0.0990000000000002,-0.378617635317171,0.10918068362164991,0.24115067475369223,0.07877132426150671
