mol,smiles,pred_dg (kcal/mol),pred_dg_err (kcal/mol),exp_dg (kcal/mol)
3d,c1ccc(C(CCNc2ccnc3ccccc23)c2ccccc2)cc1,-8.19974193030589,0.033156959897879014,-9.19327
6d,c1ccc(C(CCNc2cnnc3ccccc23)c2ccccc2)cc1,-10.899424752103005,0.03537072790027216,-9.40585
4d,N#Cc1cnc2ccccc2c1NCCC(c1ccccc1)c1ccccc1,-15.401180448811365,0.03605017386963917,-15.343400000000003
7d,N#Cc1nnc2ccccc2c1NCCC(c1ccccc1)c1ccccc1,-18.34417705110708,0.03734141517594961,-15.2515
5d,c1ccc(C(CCNc2nnnc3ccccc23)c2ccccc2)cc1,-13.022234812406143,0.02927414791970391,-13.2535
2d,c1ccc(C(CCNc2ncnc3ccccc23)c2ccccc2)cc1,-10.213100771582708,0.036320038807709065,-13.4817
8d,c1ccc(C(CCNc2nncc3ccccc23)c2ccccc2)cc1,-10.477760233683817,0.032455984988150846,-10.6284
