mol_a,mol_b,complex_pred_dg (kcal/mol),complex_pred_dg_err (kcal/mol),solvent_pred_dg (kcal/mol),solvent_pred_dg_err (kcal/mol),exp_ddg (kcal/mol),pred_ddg (kcal/mol),pred_ddg_err (kcal/mol),mle_ddg (kcal/mol),mle_ddg_err (kcal/mol)
8b,8a,0.34223884337180005,0.04769674878205563,-0.2886445142937126,0.04957635740744445,1.1240000000000006,0.6308833576655126,0.06879531276307418,0.6272893070789465,0.04957744711675374
8c_adjust,8a,15.784379973081045,0.06558042190802404,15.245039012523295,0.06591451419692955,-0.6829999999999998,0.5393409605577486,0.09298126111992494,0.33095196744315913,0.04983611575653102
8c_adjust,8d,-0.5953283574407753,0.0376716189902304,-0.1724360592429779,0.033882049266416116,-2.3665000000000003,-0.4228922981977974,0.050666992606991555,-0.6134157502845525,0.04828289340108822
8c_adjust,8e,13.40916043050621,0.053240962624339236,13.736869946479231,0.05367444339531055,-0.12060000000000137,-0.32770951597302167,0.07560122998313377,0.23424194171739998,0.04883486257583
8d,8b,16.442132855730918,0.0619871417454941,15.599446572613552,0.060961735025197826,0.5594999999999999,0.8426862831173662,0.08694100804027068,0.3170784106487652,0.048015858048117845
8d,8f,13.506380170828766,0.05445006404311453,13.552951139549931,0.053810773343204624,0.6783999999999999,-0.04657096872116497,0.07655330693113796,-0.07399568641929477,0.04727782141344228
8e,8a,1.7669970047027952,0.0568640865755287,1.832684771039308,0.05742955519474749,-0.5623999999999985,-0.06568776633651269,0.08081879825842359,0.09671002572575915,0.049364013845678546
8f,8b,1.983953457043185,0.05075615988366766,1.9419828169308382,0.049996829920905116,-0.1189,0.041970640112346864,0.07124514557691876,0.39107409706805996,0.04806158346204238
8f,8e,1.2305769277967737,0.03475970304782328,0.12883458397321854,0.03526183162876581,1.567499999999999,1.1017423438235552,0.04951397505541526,0.9216533784212473,0.047841387994295215
