mol,smiles,pred_dg (kcal/mol),pred_dg_err (kcal/mol),exp_dg (kcal/mol)
8b,Cc1cc(F)cc2c(=O)[nH]c(-c3ccc(N4CC[NH+](C)CC4)cc3)nc12,-11.358208903391848,0.03449815959855342,-11.93
8a,C[NH+]1CCN(c2ccc(-c3nc4ccc(F)cc4c(=O)[nH]3)cc2)CC1,-10.730919596312901,0.03560618270648021,-10.806
8c_adjust,O=c1[nH]c(-c2ccc(C3CC[NH2+]CC3)cc2)nc2c(F)cc(F)cc12,-11.06187156375606,0.0348688713148434,-10.123
8d,Cc1cc(F)cc2c(=O)[nH]c(-c3ccc(C4CC[NH2+]CC4)cc3)nc12,-11.675287314040613,0.03339759884197874,-12.4895
8e,C[N@H+]1CC[C@H](c2ccc(-c3nc4c(F)cc(F)cc4c(=O)[nH]3)cc2)CC1,-10.82762962203866,0.03419072412261976,-10.2436
8f,Cc1cc(F)cc2c(=O)[nH]c(-c3ccc([C@H]4CC[N@H+](C)CC4)cc3)nc12,-11.749283000459908,0.03346330511458188,-11.8111
