mol_a,mol_b,complex_pred_dg (kcal/mol),complex_pred_dg_err (kcal/mol),solvent_pred_dg (kcal/mol),solvent_pred_dg_err (kcal/mol),exp_ddg (kcal/mol),pred_ddg (kcal/mol),pred_ddg_err (kcal/mol),mle_ddg (kcal/mol),mle_ddg_err (kcal/mol)
1,2,9.36201894863748,0.04584717942094839,11.150569380517405,0.04657051421493011,1.9800000000000004,-1.788550431879925,0.06535117944689017,-1.6130498147627161,0.04966631613053157
1,3,23.098860359590937,0.05875707214295052,21.309798493059052,0.06123630979757073,4.640000000000001,1.789061866531887,0.08486624278496102,1.7282223091145834,0.050466954748970116
3,2,-13.442829082063442,0.06341504901495423,-10.421213808272887,0.06530948227050892,-2.66,-3.0216152737905553,0.09103184561465821,-3.3412721238772995,0.0445231433142
4,1,-25.616332968506402,0.06144986414742171,-22.174759812647384,0.06360981559109072,-3.790000000000001,-3.4415731558590177,0.08844373603183638,-3.1862056848620526,0.050293706523615145
4,3,-2.3625501683731756,0.036530481219655374,-0.9984671442901534,0.0422178186849638,0.8499999999999996,-1.3640830240830224,0.055828489793796794,-1.4579833757474692,0.045221944324436346
4,2,-15.945442444196768,0.06616850126601968,-11.168088855190133,0.06569579817001794,-1.8100000000000005,-4.777353589006634,0.09324273943308928,-4.799255499624769,0.0443266701301341
