mol,smiles,pred_dg (kcal/mol),pred_dg_err (kcal/mol),exp_dg (kcal/mol)
1,CC(C)c1cc(C(=O)N2Cc3ccccc3C2)c(O)cc1O,-10.94284454480348,0.03893164643985472,-12.72
2,COc1cc(O)c(C(=O)N2Cc3ccccc3C2)cc1C(C)C,-12.555894359566196,0.03083942060837147,-10.74
3,CC1(C)COc2cc(O)c(C(=O)N3Cc4ccccc4C3)cc21,-9.214622235688896,0.03211293239672679,-8.08
4,CC1(C)CNc2cc(O)c(C(=O)N3Cc4ccccc4C3)cc21,-7.756638859941427,0.031839972069172356,-8.93
