mol_a,mol_b,complex_pred_dg (kcal/mol),complex_pred_dg_err (kcal/mol),solvent_pred_dg (kcal/mol),solvent_pred_dg_err (kcal/mol),pred_ddg (kcal/mol),pred_ddg_err (kcal/mol),exp_ddg (kcal/mol)
4d,4c,-0.876211050590389,0.04506493821469758,-1.059041157393158,0.043863173610586205,0.18283010680276895,0.06288741253611042,-0.0699999999999992
Edoxaban,4c,36.23716754017218,0.06959887466795832,39.02458738828852,0.06848528375349731,-2.78741984811634,0.09764341987990391,0.8000000000000002
Edoxaban,4d,36.06362421844533,0.07448286580225584,40.14025666187607,0.0737099652243493,-4.076632443430752,0.10478958093003156,0.8699999999999993
