mol,smiles,pred_dg (kcal/mol),pred_dg_err (kcal/mol),exp_dg (kcal/mol)
1_1W7H,Nc1ncccc1OCc1ccccc1,-3.293107268110638,0.03550540205009898,-3.94
3,c1ccc(COc2cccnc2)cc1,-2.6232302279796285,0.03192369996416519,-4.09
5_1WBW,Nc1ncccc1OCc1cccc2ccccc12,-5.7603243965447835,0.04367188055134978,-5.94
6,OCCNc1ccc(OCc2c(Cl)cccc2Cl)cn1,-5.476909198254808,0.04554910346882849,-5.04
4,Nc1ncccc1OCc1c(Cl)cccc1Cl,-6.212284450004543,0.03898780162168024,-5.4
7,CC(C)(CO)Nc1ccc(OCc2c(Cl)cccc2Cl)cn1,-7.3441444591056015,0.05144238168010253,-6.3
