mol,smiles,pred_dg (kcal/mol),pred_dg_err (kcal/mol),exp_dg (kcal/mol)
1_1W7H,Nc1ncccc1OCc1ccccc1,-3.293107273546847,0.03672845621764263,-3.94
3,c1ccc(COc2cccnc2)cc1,-2.6232302296147814,0.029700446345981055,-4.09
4,Nc1ncccc1OCc1c(Cl)cccc1Cl,-6.212284449053865,0.04324308427041191,-5.4
5_1WBW,Nc1ncccc1OCc1cccc2ccccc12,-5.760324393640322,0.05050887526248165,-5.94
7,CC(C)(CO)Nc1ccc(OCc2c(Cl)cccc2Cl)cn1,-7.3441444554866795,0.05136163288478806,-6.3
6,OCCNc1ccc(OCc2c(Cl)cccc2Cl)cn1,-5.476909198657506,0.05050329348205685,-5.04
