mol,smiles,pred_dg (kcal/mol),pred_dg_err (kcal/mol),exp_dg (kcal/mol)
CHEMBL3264995,COc1ccc(Nc2nc(-c3cccc(C(=O)Nc4ccc(C(=O)[O-])cc4)c3)cn3ccnc23)cc1OC,-12.404035689652842,0.03955069238721772,-12.458424187983185
CHEMBL3265001,COc1ccc(Nc2nc(-c3cccc(C(=O)Nc4ccc(-c5nnn[n-]5)cc4)c3)cn3ccnc23)cc1OC,-11.96554029183387,0.03786235913421505,-12.112756832843909
CHEMBL3265000,COc1ccc(Nc2nc(-c3cccc(C(=O)Nc4ccc(C(=O)[N-]S(C)(=O)=O)cc4)c3)cn3ccnc23)cc1OC,-12.17454087198689,0.04836614979214257,-11.88443034798687
CHEMBL3264997,COc1ccc(Nc2nc(-c3cccc(C(=O)Nc4cccc(C(=O)[O-])c4)c3)cn3ccnc23)cc1OC,-11.959016971893144,0.050661050988228915,-11.051234103667463
CHEMBL3264998,COc1ccc(Nc2nc(-c3cccc(C(=O)Nc4ccc(CC(=O)[O-])cc4)c3)cn3ccnc23)cc1OC,-11.566263535246133,0.051242677646480564,-11.784838589387416
CHEMBL3264994,CC(C)(C)c1ccc(Nc2nc(-c3cccc(NC(=O)c4ccc(C(=O)[O-])cc4)c3)cn3ccnc23)cc1,-9.088144951082885,0.05905426612662921,-9.865858249826928
