mol,smiles,pred_dg (kcal/mol),pred_dg_err (kcal/mol),exp_dg (kcal/mol)
12,COC(=O)c1cc2c(Oc3ccc(Cl)cc3)cncc2s1,-10.329775052160427,0.04535227505544824,-9.83296
14,CNC(=O)c1cc2c(Oc3ccc(Cl)cc3)cncc2s1,-9.988599112650306,0.03427007246208716,-11.0316
15,CN(C)C(=O)c1cc2c(Oc3ccc(Cl)cc3)cncc2s1,-10.597205866288826,0.0714646911017091,-9.72018
22,CNC(=O)c1cc2c(Oc3ccc(I)cc3)cncc2s1,-10.322137800028264,0.08229704125148331,-11.2901
13,NC(=O)c1cc2c(Oc3ccc(Cl)cc3)cncc2s1,-11.534646405186525,0.048195501751078645,-11.1972
19,CC(=O)c1cc2c(Oc3ccc(Cl)cc3)cncc2s1,-11.798082964890657,0.04919548459140656,-10.2248
20,CCC(=O)c1cc2c(Oc3ccc(Cl)cc3)cncc2s1,-12.199639760052428,0.05428076681013209,-10.2831
21,O=C(c1cc2c(Oc3ccc(Cl)cc3)cncc2s1)C1CC1,-8.982696657038584,0.0774498111758208,-9.86234
17,O=C(NC1CC1)c1cc2c(Oc3ccc(Cl)cc3)cncc2s1,-8.084796381703994,0.06149518591665672,-10.3953
