mol,smiles,pred_dg (kcal/mol),pred_dg_err (kcal/mol),exp_dg (kcal/mol)
4,CC1(C)CNc2cc(O)c(C(=O)N3Cc4ccccc4C3)cc21,-8.35428513679663,0.030594348107390517,-8.93
3,CC1(C)COc2cc(O)c(C(=O)N3Cc4ccccc4C3)cc21,-8.723618164677072,0.029967466499226655,-8.08
1,CC(C)c1cc(C(=O)N2Cc3ccccc3C2)c(O)cc1O,-11.156624801027172,0.03180531474330997,-12.72
2,COc1cc(O)c(C(=O)N2Cc3ccccc3C2)cc1C(C)C,-12.235471897499124,0.03856206051627727,-10.74
