mol,smiles,pred_dg (kcal/mol),pred_dg_err (kcal/mol),exp_dg (kcal/mol)
CHEMBL1078691,CC(C)(C)c1ccc2c(c1)[C@H]1OCCC[C@H]1[C@H](c1ccc(O)cc1)N2,-11.53334705923696,0.039945230202005,-10.252188960099543
CHEMBL1089056,CC(C)(C)c1ccc2c(c1)[C@H]1OCCC[C@H]1[C@H](c1ccccc1)N2,-10.029288570546887,0.0348399547028663,-9.50034696775882
CHEMBL1078774,CC(C)(C)c1ccc2c(c1)[C@H]1OCCC[C@H]1[C@H](c1ccc(O)c(F)c1)N2,-12.336458168165892,0.046352720308832404,-10.665418883925756
CHEMBL1084115,CC(C)(C)c1ccc2c(c1)[C@H]1OCCC[C@H]1[C@H](c1ccsc1)N2,-9.905894640329862,0.04746874282205695,-9.50034696775882
CHEMBL1078998,CC(C)(C)c1ccc2c(c1)[C@H]1OCCC[C@H]1[C@H](c1cccs1)N2,-10.142427156758593,0.05073173296345274,-10.435500502897614
CHEMBL1088740,Cc1ccc2c(c1)[C@H]1OCCC[C@H]1[C@H](c1ccccc1)N2,-7.557194955046838,0.05133442259402737,-8.753493830990028
CHEMBL1089393,Clc1ccc2c(c1)[C@H]1OCCC[C@H]1[C@H](c1ccccc1)N2,-7.476365035513001,0.046295504648230186,-8.432163110492205
CHEMBL1085895,O=C(NCCCO)NC[C@H]1CC[C@@H]2[C@H](O1)c1cc(C(F)(F)F)ccc1N[C@H]2c1ccccc1,-10.967454961753715,0.05742406374880132,-10.924940178206626
CHEMBL1093088,FC(F)(F)c1ccc2c(c1)[C@H]1O[C@@H](Cn3cncn3)CC[C@H]1[C@H](c1ccccc1)N2,-9.80226583996916,0.060246307192171666,-11.286296985191486
