mol_a,mol_b,complex_pred_dg (kcal/mol),complex_pred_dg_err (kcal/mol),solvent_pred_dg (kcal/mol),solvent_pred_dg_err (kcal/mol),exp_ddg (kcal/mol),pred_ddg (kcal/mol),pred_ddg_err (kcal/mol),mle_ddg (kcal/mol),mle_ddg_err (kcal/mol)
14,16,-7.436413033802511,0.05241141017654963,-8.40881993957141,0.056037912158134626,0.6000000000000014,0.9724069057689001,0.07672811424593558,1.1570056565838218,0.05234491083390176
15,14,-3.8123171268326974,0.05000936163350175,-5.028068999387951,0.05243023206739624,1.1600000000000001,1.2157518725552543,0.07245595548767116,1.27716681240228,0.05194177175697211
17,14,5.2346827755158625,0.053400728151726695,4.016190634956559,0.05654846178292733,1.1999999999999993,1.2184921405593034,0.07777767222763747,1.337407849925759,0.049920221810743945
17,16,-1.6954313965266008,0.04040564067744607,-4.354248839615553,0.04302089418487365,1.8000000000000007,2.658817443088952,0.05902044675382405,2.4944135065095807,0.047471562462974556
17,19,-2.558539872802119,0.040636442973152685,-0.3990601391968433,0.040535329419930495,-0.33999999999999986,-2.159479733605276,0.05739715523170615,-2.068755409146993,0.04447553022396867
18,15,3.3939869976241246,0.0398578658247452,0.7775040073883022,0.04190633294917079,-0.9199999999999999,2.6164829902358226,0.057834161266073096,2.649097400482292,0.04483659168595393
18,16,-7.78516574660961,0.04449227382277834,-12.802121300710512,0.04697734424482798,0.8400000000000016,5.016955554100902,0.06470265297666054,5.083269869468394,0.04530300200835143
18,19,-8.179803365866665,0.035402795449633415,-8.770994781853684,0.039045860207965494,-1.299999999999999,0.5911914159870197,0.05270613934854807,0.52010095381182,0.042153120133576694
19,15,11.619597713714564,0.045561655977640864,9.499108191198852,0.04787581561309547,0.379999999999999,2.1204895225157108,0.0660905304566699,2.128996446670472,0.046733199080767625
