mol,smiles,pred_dg (kcal/mol),pred_dg_err (kcal/mol),exp_dg (kcal/mol)
14,Nc1ncc2c(n1)C[C@H](c1ccccc1-c1ccccc1)C/C2=N\O,-7.845000587049743,0.03859060114306919,-8.72
16,Cc1nc(N)nc2c1/C(=N/O)C[C@@H](c1ccccc1-c1ccncc1)C2,-6.687994930465921,0.03536601749738968,-8.12
15,Cc1nc(N)nc2c1/C(=N/O)C[C@@H](c1ccccc1-c1ccccc1)C2,-9.122167399452023,0.03476655226895431,-9.88
17,Cc1nc(N)nc2c1/C(=N/O)C[C@@H](c1ccccc1-c1cccnc1)C2,-9.182408436975502,0.03166692358045572,-9.92
19,Cc1nc(N)nc2c1/C(=N/O)C[C@@H](c1ccc(F)cc1-c1cccnc1)C2,-11.251163846122495,0.03122945307962866,-10.26
18,Cc1nc(N)nc2c1/C(=N/O)C[C@@H](c1ccc(F)cc1-c1ccccc1)C2,-11.771264799934315,0.028312661431646104,-8.96
