mol,smiles,pred_dg (kcal/mol),pred_dg_err (kcal/mol),exp_dg (kcal/mol)
CHEMBL3264995,COc1ccc(Nc2nc(-c3cccc(C(=O)Nc4ccc(C(=O)[O-])cc4)c3)cn3ccnc23)cc1OC,-12.48240291047449,0.03899090381434777,-12.458424187983185
CHEMBL3265001,COc1ccc(Nc2nc(-c3cccc(C(=O)Nc4ccc(-c5nnn[n-]5)cc4)c3)cn3ccnc23)cc1OC,-12.252704798365547,0.0373172882376795,-12.112756832843909
CHEMBL3265000,COc1ccc(Nc2nc(-c3cccc(C(=O)Nc4ccc(C(=O)[N-]S(C)(=O)=O)cc4)c3)cn3ccnc23)cc1OC,-12.067637244747363,0.04783211188871584,-11.88443034798687
CHEMBL3264997,COc1ccc(Nc2nc(-c3cccc(C(=O)Nc4cccc(C(=O)[O-])c4)c3)cn3ccnc23)cc1OC,-12.481511841655117,0.049980796427340386,-11.051234103667463
CHEMBL3264998,COc1ccc(Nc2nc(-c3cccc(C(=O)Nc4ccc(CC(=O)[O-])cc4)c3)cn3ccnc23)cc1OC,-12.551048451255774,0.05041029475043428,-11.784838589387416
CHEMBL3264994,CC(C)(C)c1ccc(Nc2nc(-c3cccc(NC(=O)c4ccc(C(=O)[O-])cc4)c3)cn3ccnc23)cc1,-7.322237065197477,0.05815818936794622,-9.865858249826928
