mol,smiles,pred_dg (kcal/mol),pred_dg_err (kcal/mol),exp_dg (kcal/mol)
10,NC(=O)c1nnc2c(-c3ccc4cn[nH]c4c3)cccc2c1N,-11.705069377728323,0.042625034336266555,-10.8701
11,Cc1cc2cn[nH]c2cc1-c1cccc2c(N)c(C(N)=O)nnc12,-13.051789927897165,0.04754086969354598,-11.5248
2,NC(=O)c1nnc2ccccc2c1N,-7.02399159710848,0.04204824459613713,-7.687929999999999
8,Cc1ccncc1-c1cccc2c(N)c(C(N)=O)nnc12,-8.698669855637664,0.03368250074911288,-9.60639
7,Cn1cc(-c2cccc3c(N)c(C(N)=O)nnc23)cn1,-7.086047533139151,0.051226112472675105,-9.08461
9 flip,NC(=O)c1nnc2c(-c3ccc4cc[nH]c4c3)cccc2c1N,-9.539171708489206,0.04671320236032408,-8.33091
