mol_a,mol_b,complex_pred_dg (kcal/mol),complex_pred_dg_err (kcal/mol),solvent_pred_dg (kcal/mol),solvent_pred_dg_err (kcal/mol),exp_ddg (kcal/mol),pred_ddg (kcal/mol),pred_ddg_err (kcal/mol),mle_ddg (kcal/mol),mle_ddg_err (kcal/mol)
25e,11,64.72255105324999,0.08692453523498106,62.958321419789925,0.08787068455005026,3.1000000000000014,1.7642296334600638,0.12360069590868777,2.132507237814263,0.07605674298491485
61a,11,51.89812905035733,0.09593015196734661,47.387449675596244,0.10156000131021184,3.8000000000000007,4.510679374761085,0.13970335687666366,4.040192880715248,0.07382459933768301
61a,25e,-22.471482229584776,0.06422181827313347,-24.169961144010077,0.06748339171678223,0.6999999999999993,1.6984789144252996,0.0931581993165822,1.9076856429009847,0.0690251312812135
