mol,smiles,pred_dg (kcal/mol),pred_dg_err (kcal/mol),exp_dg (kcal/mol)
2d,c1ccc(C(CCNc2ncnc3ccccc23)c2ccccc2)cc1,-9.92401270367969,0.044065783555551435,-13.4817
4d,N#Cc1cnc2ccccc2c1NCCC(c1ccccc1)c1ccccc1,-16.077438345115677,0.03232803427241828,-15.343400000000003
7d,N#Cc1nnc2ccccc2c1NCCC(c1ccccc1)c1ccccc1,-19.357053176209817,0.035329028352526846,-15.2515
3d,c1ccc(C(CCNc2ccnc3ccccc23)c2ccccc2)cc1,-6.355649590499128,0.034736586607082044,-9.19327
5d,c1ccc(C(CCNc2nnnc3ccccc23)c2ccccc2)cc1,-13.891461246890833,0.028859067959779775,-13.2535
6d,c1ccc(C(CCNc2cnnc3ccccc23)c2ccccc2)cc1,-10.729020711347857,0.03169620618571074,-9.40585
8d,c1ccc(C(CCNc2nncc3ccccc23)c2ccccc2)cc1,-10.222984226257006,0.032668517987148024,-10.6284
