mol,smiles,pred_dg (kcal/mol),pred_dg_err (kcal/mol),exp_dg (kcal/mol)
2d,c1ccc(C(CCNc2ncnc3ccccc23)c2ccccc2)cc1,-9.811292621735998,0.043617120725767566,-13.4817
4d,N#Cc1cnc2ccccc2c1NCCC(c1ccccc1)c1ccccc1,-15.81687682037086,0.03192486143010462,-15.343400000000003
7d,N#Cc1nnc2ccccc2c1NCCC(c1ccccc1)c1ccccc1,-19.326931742855614,0.034741531090148006,-15.2515
3d,c1ccc(C(CCNc2ccnc3ccccc23)c2ccccc2)cc1,-7.0417574230345945,0.03396997132175018,-9.19327
5d,c1ccc(C(CCNc2nnnc3ccccc23)c2ccccc2)cc1,-13.59387676199026,0.028230518502474183,-13.2535
6d,c1ccc(C(CCNc2cnnc3ccccc23)c2ccccc2)cc1,-10.965267015028022,0.03121972716044193,-9.40585
8d,c1ccc(C(CCNc2nncc3ccccc23)c2ccccc2)cc1,-10.001617614984662,0.03211157538487725,-10.6284
