mol,smiles,pred_dg (kcal/mol),pred_dg_err (kcal/mol),exp_dg (kcal/mol)
10,Cc1nc(N)nc2c1C(=O)C[C@@H](c1ccc(F)cc1)C2,-9.065853533933458,0.03688394747979406,-8.31
12,Cc1nc(N)nc2c1/C(=N/O)C[C@@H](c1ccc(F)cc1)C2,-9.103129946028709,0.03756975385894573,-8.59
3,Cc1nc(N)nc2c1C(=O)C[C@@H](c1ccccc1)C2,-7.481949241911785,0.03407613235409239,-8.31
9,Nc1ncc2c(n1)C[C@H](c1ccc(F)cc1)CC2=O,-8.30891693503391,0.04054578221919108,-7.36
11,Nc1ncc2c(n1)C[C@H](c1ccc(F)cc1)C/C2=N\O,-8.362793048511666,0.0314884799227544,-8.12
2,Nc1ncc2c(n1)C[C@H](c1ccccc1)CC2=O,-6.907791496984736,0.03883308353440839,-6.93
8,Nc1ncc2c(n1)C[C@H](c1ccccc1)C/C2=N\O,-6.419565797595737,0.03578530421360985,-8.03
