mol,smiles,pred_dg (kcal/mol),pred_dg_err (kcal/mol),exp_dg (kcal/mol)
8c_adjust,O=c1[nH]c(-c2ccc(C3CC[NH2+]CC3)cc2)nc2c(F)cc(F)cc12,-11.187094275172104,0.03256923394931868,-10.123
8d,Cc1cc(F)cc2c(=O)[nH]c(-c3ccc(C4CC[NH2+]CC4)cc3)nc12,-11.461191088531844,0.033586693815036976,-12.4895
8b,Cc1cc(F)cc2c(=O)[nH]c(-c3ccc(N4CC[NH+](C)CC4)cc3)nc12,-10.994213815242908,0.03528263137421277,-11.93
8a,C[NH+]1CCN(c2ccc(-c3nc4ccc(F)cc4c(=O)[nH]3)cc2)CC1,-10.210993417241967,0.03917071975858485,-10.806
8e,C[N@H+]1CC[C@H](c2ccc(-c3nc4c(F)cc(F)cc4c(=O)[nH]3)cc2)CC1,-11.553244771517727,0.03191181549035775,-10.2436
8f,Cc1cc(F)cc2c(=O)[nH]c(-c3ccc([C@H]4CC[N@H+](C)CC4)cc3)nc12,-11.99646263229344,0.03102032617092802,-11.8111
