mol,smiles,pred_dg (kcal/mol),pred_dg_err (kcal/mol),exp_dg (kcal/mol)
10,NC(=O)c1nnc2c(-c3ccc4cn[nH]c4c3)cccc2c1N,-11.797955085467663,0.03199312021065209,-10.8701
11,Cc1cc2cn[nH]c2cc1-c1cccc2c(N)c(C(N)=O)nnc12,-13.39828688036459,0.04263032476440945,-11.5248
8,Cc1ccncc1-c1cccc2c(N)c(C(N)=O)nnc12,-8.596184062116,0.041019830912750736,-9.60639
2,NC(=O)c1nnc2ccccc2c1N,-7.163391520347922,0.04393036191039124,-7.687929999999999
7,Cn1cc(-c2cccc3c(N)c(C(N)=O)nnc23)cn1,-6.583665504128024,0.050721440047097555,-9.08461
9 flip,NC(=O)c1nnc2c(-c3ccc4cc[nH]c4c3)cccc2c1N,-9.565256947575804,0.050610845066776135,-8.33091
