mol,smiles,pred_dg (kcal/mol),pred_dg_err (kcal/mol),exp_dg (kcal/mol)
21,Cc1cc(-c2ccc(S(=O)(=O)NC(C)(C)C)cc2)cc2c(N)n[nH]c12,-9.876856295222744,0.03535467472511871,-8.34034
20,CC(C)(C)NS(=O)(=O)c1ccc(-c2cc(Cl)c3[nH]nc(N)c3c2)cc1,-10.666735200653289,0.03944816168897197,-8.06767
13_3E64,CC(C)(C)NS(=O)(=O)c1ccc(-c2ccc3[nH]nc(N)c3c2)cc1,-9.741083530548876,0.044469579864014105,-9.69694
22-flip,CC(C)(C)NS(=O)(=O)c1ccc(-c2ccc3[nH]nc(N)c3c2)c(Cl)c1,-10.971129256797305,0.048711100774129525,-10.1076
18,CCS(=O)(=O)c1ccc(-c2ccc3[nH]nc(N)c3c2)cc1,-9.139154775744924,0.04969636275832144,-8.32514
14,CC(C)(C)NC(=O)c1ccc(-c2ccc3[nH]nc(N)c3c2)cc1,-6.140281227339911,0.05722376672864698,-7.7898000000000005
15,CC(C)(C)NC(=O)Nc1ccc(-c2ccc3[nH]nc(N)c3c2)cc1,-6.751057449806049,0.05506955467541524,-7.37912
12,CC(C)(C)NS(=O)(=O)c1cccc(-c2ccc3[nH]nc(N)c3c2)c1,-3.855142263886907,0.05619140016047413,-7.43483
