mol_a,mol_b,complex_pred_dg (kcal/mol),complex_pred_dg_err (kcal/mol),solvent_pred_dg (kcal/mol),solvent_pred_dg_err (kcal/mol),pred_ddg (kcal/mol),pred_ddg_err (kcal/mol),exp_ddg (kcal/mol)
11417 (no water pose),8696 (no water pose),-0.12956563444976185,0.04016388888683143,-0.821900630033161,0.04298447438070434,0.6923349955833992,0.058828590058739035,0.7634299999999998
"10302 (1GJ7, no water pose)",11417 (no water pose),2.131107659392933,0.04431279010214106,0.4794386298256035,0.04345320035597094,1.6516690295673293,0.06206290347552686,0.25679999999999964
"10302 (1GJ7, no water pose)",8696 (no water pose),1.9246419431573287,0.042622618155620975,-0.9724937275186804,0.042402353856294914,2.897135670676009,0.060121936021674476,1.0202299999999995
7806 (no water pose),8696 (no water pose),12.031861328831575,0.04420560926127781,11.998148417831015,0.04486657899661018,0.03371291100056111,0.06298528241597265,-1.15067
11417 (no water pose),7806 (no water pose),-11.92918586422919,0.051922768483052203,-12.911130793714488,0.052110803534266406,0.9819449294852981,0.0735629644041861,1.9141
"10302 (1GJ7, no water pose)",7806 (no water pose),-10.675220590211671,0.05119961060875757,-12.862918460566158,0.05368686778549593,2.1876978703544885,0.07418679059715229,2.1708999999999996
