mol_a,mol_b,complex_pred_dg (kcal/mol),complex_pred_dg_err (kcal/mol),solvent_pred_dg (kcal/mol),solvent_pred_dg_err (kcal/mol),pred_ddg (kcal/mol),pred_ddg_err (kcal/mol),exp_ddg (kcal/mol)
8b,8a,-0.5378210533962827,0.04762782976076677,-1.6780319030751827,0.050046717964519025,1.1402108496788999,0.06908751078697721,1.1309960839922617
8e,8b,9.708617504916623,0.05194094716894147,8.425682763540735,0.05211132699424923,1.2829347413758871,0.07357616729558789,-1.6968044668607012
8d,8f,9.844523617705624,0.05615978929675709,9.591902723566388,0.05637176786170145,0.25262089413923594,0.0795719683413054,0.6826875274826852
8b,8d,-19.848869741722876,0.06405946432361401,-17.87883826644885,0.06234169769990169,-1.9700314752740278,0.08938737182362116,-0.563054730112017
8e,8f,-0.1778589451855968,0.032480883535931315,0.19610319754760883,0.03270262643012511,-0.3739621427332056,0.04609196861388165,-1.5771716694900328
8d,8c,-0.25605715404274304,0.08042007588578824,-0.0991175921222558,0.08050735198884983,-0.15693956192048727,0.11379289226367567,2.381237719637223
8c,8a,17.22081549346167,0.08534823802594114,15.474885592900655,0.08276774596310664,1.7459299005610158,0.1188899554459756,-0.6871869055329446
8f,8a,9.41052008238467,0.05740462054998596,6.581461621975794,0.06002949891389977,2.8290584604088753,0.08305920298402678,1.0113632866215934
8e,8c,-9.604621985431004,0.08191750561672971,-10.04870610741016,0.08136417266797803,0.44408412197915537,0.11545824492175294,0.12137852266450505
