mol,smiles,pred_dg (kcal/mol),pred_dg_err (kcal/mol),exp_dg (kcal/mol)
8b,Cc1cc(F)cc2c(=O)[nH]c(-c3ccc(N4CC[NH+](C)CC4)cc3)nc12,-10.489684776465378,0.03654441636193259,-12.004063145357538
8a,C[NH+]1CCN(c2ccc(-c3nc4ccc(F)cc4c(=O)[nH]3)cc2)CC1,-9.440345890545798,0.04348507205301499,-10.873067061365276
8e,C[N@H+]1CC[C@H](c2ccc(-c3nc4c(F)cc(F)cc4c(=O)[nH]3)cc2)CC1,-11.81962720504244,0.034453952560536814,-10.307258678496837
8d,Cc1cc(F)cc2c(=O)[nH]c(-c3ccc(C4CC[NH2+]CC4)cc3)nc12,-12.238215342659863,0.04567470691144437,-12.567117875469554
8f,Cc1cc(F)cc2c(=O)[nH]c(-c3ccc([C@H]4CC[N@H+](C)CC4)cc3)nc12,-12.165331299065246,0.03356882377933813,-11.88443034798687
8c,O=c1[nH]c(-c2ccc(C3CC[NH2+]CC3)cc2)nc2c(F)cc(F)cc12,-11.668612750729675,0.048973633967836785,-10.185880155832331
