mol,smiles,pred_dg (kcal/mol),pred_dg_err (kcal/mol),exp_dg (kcal/mol)
CHEMBL1078691,CC(C)(C)c1ccc2c(c1)[C@H]1OCCC[C@H]1[C@H](c1ccc(O)cc1)N2,-12.500744145736924,0.04055519449928872,-10.2494
CHEMBL1078998,CC(C)(C)c1ccc2c(c1)[C@H]1OCCC[C@H]1[C@H](c1cccs1)N2,-10.100123475191815,0.049904588224207014,-10.4326
CHEMBL1084115,CC(C)(C)c1ccc2c(c1)[C@H]1OCCC[C@H]1[C@H](c1ccsc1)N2,-10.161697466827986,0.049520483399078566,-9.49772
CHEMBL1078774,CC(C)(C)c1ccc2c(c1)[C@H]1OCCC[C@H]1[C@H](c1ccc(O)c(F)c1)N2,-12.24081246466028,0.03965417100292174,-10.6625
CHEMBL1089056,CC(C)(C)c1ccc2c(c1)[C@H]1OCCC[C@H]1[C@H](c1ccccc1)N2,-10.478144565026229,0.03048287264821742,-9.49772
CHEMBL1085895,O=C(NCCCO)NC[C@H]1CC[C@@H]2[C@H](O1)c1cc(C(F)(F)F)ccc1N[C@H]2c1ccccc1,-10.993087497397022,0.057293070380414195,-10.9219
CHEMBL1088740,Cc1ccc2c(c1)[C@H]1OCCC[C@H]1[C@H](c1ccccc1)N2,-6.541919019962798,0.03334566499888849,-8.75107
CHEMBL1093088,FC(F)(F)c1ccc2c(c1)[C@H]1O[C@@H](Cn3cncn3)CC[C@H]1[C@H](c1ccccc1)N2,-9.670752961847914,0.05039794846487635,-11.2832
CHEMBL1089393,Clc1ccc2c(c1)[C@H]1OCCC[C@H]1[C@H](c1ccccc1)N2,-7.038658403349043,0.04558462833596301,-8.42983
