mol,smiles,pred_dg (kcal/mol),pred_dg_err (kcal/mol),exp_dg (kcal/mol)
1_1W7H,Nc1ncccc1OCc1ccccc1,-3.026204226244866,0.03539646596085207,-3.94
3,c1ccc(COc2cccnc2)cc1,-1.881930659441616,0.032484434271139374,-4.09
5_1WBW,Nc1ncccc1OCc1cccc2ccccc12,-5.994264338635928,0.04460445860004573,-5.94
6,OCCNc1ccc(OCc2c(Cl)cccc2Cl)cn1,-6.382950696347834,0.04633356818320098,-5.04
4,Nc1ncccc1OCc1c(Cl)cccc1Cl,-6.007655672913348,0.03963803240608271,-5.4
7,CC(C)(CO)Nc1ccc(OCc2c(Cl)cccc2Cl)cn1,-7.416994406416407,0.05211056294222773,-6.3
