mol,smiles,pred_dg (kcal/mol),pred_dg_err (kcal/mol),exp_dg (kcal/mol)
MT,CC1=NCCS1,-5.102694423421651,0.02649039515225369,-5.64
ET,CCC1=NCCS1,-6.590798496368971,0.02659873014548171,-6.96
IPT,CC(C)C1=NCCS1,-7.748962360712382,0.03487147651118341,-7.85
IBT,CC(C)CC1=NCCS1,-9.284739752613236,0.033216726669041366,-9.09
PT,CCCC1=NCCS1,-8.340567512923137,0.025410544342008283,-8.2
SBT_S,CC[C@H](C)C1=NCCS1,-9.092237453960625,0.033657873202300154,-8.42
