mol,smiles,pred_dg (kcal/mol),pred_dg_err (kcal/mol),exp_dg (kcal/mol)
13_3E64,CC(C)(C)NS(=O)(=O)c1ccc(-c2ccc3[nH]nc(N)c3c2)cc1,-9.593338222476206,0.04520776544436388,-9.69694
21,Cc1cc(-c2ccc(S(=O)(=O)NC(C)(C)C)cc2)cc2c(N)n[nH]c12,-10.135446730198213,0.04312164937891858,-8.34034
18,CCS(=O)(=O)c1ccc(-c2ccc3[nH]nc(N)c3c2)cc1,-8.633595313651353,0.058574357783017984,-8.32514
12,CC(C)(C)NS(=O)(=O)c1cccc(-c2ccc3[nH]nc(N)c3c2)c1,-2.9083830514386246,0.05596869804624294,-7.43483
14,CC(C)(C)NC(=O)c1ccc(-c2ccc3[nH]nc(N)c3c2)cc1,-6.858633508405016,0.05066500022997353,-7.7898000000000005
15,CC(C)(C)NC(=O)Nc1ccc(-c2ccc3[nH]nc(N)c3c2)cc1,-7.46526869496677,0.05875605523269489,-7.37912
22-flip,CC(C)(C)NS(=O)(=O)c1ccc(-c2ccc3[nH]nc(N)c3c2)c(Cl)c1,-10.731370671413153,0.045064415685635094,-10.1076
20,CC(C)(C)NS(=O)(=O)c1ccc(-c2cc(Cl)c3[nH]nc(N)c3c2)cc1,-10.815403807450664,0.04597359236148107,-8.06767
