mol_a,mol_b,complex_pred_dg (kcal/mol),complex_pred_dg_err (kcal/mol),solvent_pred_dg (kcal/mol),solvent_pred_dg_err (kcal/mol),pred_ddg (kcal/mol),pred_ddg_err (kcal/mol),exp_ddg (kcal/mol)
61a,25e,-27.070916869020483,0.06953260038708708,-30.28709086962944,0.07121833544421652,3.2161740006089587,0.09953307902418819,0.6999999999999988
25e,11,43.181773018449654,0.08609991344824114,42.40937299606857,0.08414273886047087,0.7724000223810806,0.12038768873408946,3.100000000000001
61a,11,17.58805523639568,0.10724092059001081,13.589768652241697,0.10710159018444863,3.998286584153984,0.1515630748864333,3.8
