mol,smiles,pred_dg (kcal/mol),pred_dg_err (kcal/mol),exp_dg (kcal/mol)
15,Cc1nc(N)nc2c1/C(=N/O)C[C@@H](c1ccccc1-c1ccccc1)C2,-9.080720237595854,0.02165210884889227,-9.88
16,Cc1nc(N)nc2c1/C(=N/O)C[C@@H](c1ccccc1-c1ccncc1)C2,-6.894645954257195,0.03259157199283484,-8.12
17,Cc1nc(N)nc2c1/C(=N/O)C[C@@H](c1ccccc1-c1cccnc1)C2,-9.348701082356445,0.027591280105655543,-9.92
18,Cc1nc(N)nc2c1/C(=N/O)C[C@@H](c1ccc(F)cc1-c1ccccc1)C2,-11.634623420009202,0.026981697114927605,-8.96
19,Cc1nc(N)nc2c1/C(=N/O)C[C@@H](c1ccc(F)cc1-c1cccnc1)C2,-11.164669182021768,0.02915316476306444,-10.26
14,Nc1ncc2c(n1)C[C@H](c1ccccc1-c1ccccc1)C/C2=N\O,-7.736640123759531,0.0322246080419478,-8.72
