mol_a,mol_b,complex_pred_dg (kcal/mol),complex_pred_dg_err (kcal/mol),solvent_pred_dg (kcal/mol),solvent_pred_dg_err (kcal/mol),exp_ddg (kcal/mol),pred_ddg (kcal/mol),pred_ddg_err (kcal/mol),mle_ddg (kcal/mol),mle_ddg_err (kcal/mol)
ligand_4,ligand_6,9.987759737079749,0.05390920011197001,13.639465022069606,0.0571015741839076,-0.20999999999999908,-3.6517052849898564,0.07852892225793455,-3.353013409865852,0.05736630470893331
ligand_5,ligand_4,3.422659743638615,0.08148783224525019,-1.0496439619172804,0.08164546600334989,0.29999999999999893,4.472303705555896,0.11535271528201753,4.6659597567519615,0.06184724269172354
ligand_5,ligand_6,13.757238528340196,0.07640500866350732,12.52823517750949,0.07989578095671286,0.08999999999999986,1.2290033508307054,0.11054890846839543,1.3129463468861093,0.0585540663086499
ligand_5,ligand_7,16.964695822186446,0.08376055279978509,16.074551610007177,0.08548131404349914,0.9100000000000001,0.8901442121792686,0.1196782572396879,0.583312443791824,0.06221390538276453
ligand_7,ligand_4,-13.174977307356974,0.0774756080220628,-16.837093918306376,0.08005772666512029,-0.6100000000000012,3.6621166109494014,0.11140785177524712,4.0826473129601375,0.06109733429255316
ligand_7,ligand_6,-2.0218460208889133,0.0767352867926373,-3.4370577032440734,0.08067323110188272,-0.8200000000000003,1.4152116823551601,0.11133945596941848,0.7296339030942853,0.05776141887423482
