mol,smiles,pred_dg (kcal/mol),pred_dg_err (kcal/mol),exp_dg (kcal/mol)
ligand_4,O=C1Nc2cncc(n2)OCCCCCOc2ccc(Cl)cc2N1,-7.829594880105512,0.04293830261694893,-10.88
ligand_6,N#Cc1ncc2nc1OCCCCCOc1ccc(Cl)cc1NC(=O)N2,-11.182608289971364,0.03804201735362494,-11.09
ligand_5,N#Cc1ncc2nc1OCCCCOc1ccc(Cl)cc1NC(=O)N2,-12.495554636857474,0.044512735222004364,-11.18
ligand_7,N#Cc1ncc2nc1OCCCCCCOc1ccc(Cl)cc1NC(=O)N2,-11.91224219306565,0.043464772241797255,-10.27
