mol,smiles,pred_dg (kcal/mol),pred_dg_err (kcal/mol),exp_dg (kcal/mol)
MT,CC1=NCCS1,-4.878565708347423,0.02611422466827822,-5.64
ET,CCC1=NCCS1,-6.513012232872046,0.026687944479017678,-6.96
IPT,CC(C)C1=NCCS1,-7.941401252385067,0.03565346355364662,-7.85
IBT,CC(C)CC1=NCCS1,-9.353907537403735,0.032801751533768964,-9.09
PT,CCCC1=NCCS1,-8.295986455467537,0.02513162095948001,-8.2
SBT_S,CC[C@H](C)C1=NCCS1,-9.177126813524193,0.035049948604581646,-8.42
