mol_a,mol_b,complex_pred_dg (kcal/mol),complex_pred_dg_err (kcal/mol),solvent_pred_dg (kcal/mol),solvent_pred_dg_err (kcal/mol),exp_ddg (kcal/mol),pred_ddg (kcal/mol),pred_ddg_err (kcal/mol),mle_ddg (kcal/mol),mle_ddg_err (kcal/mol)
11417 (no water pose),8696 (no water pose),0.33289165327596626,0.03900156695054764,-0.8930108231912068,0.04090627665024264,0.7634299999999996,1.225902476467173,0.05651942758011829,1.1741807972564242,0.03907850555867386
"10302 (1GJ7, no water pose)",8696 (no water pose),1.935048076373374,0.04034702460762868,-0.8913933178170297,0.04353045272454691,1.0202299999999997,2.8264413941904034,0.05935303453988354,2.9272221752267207,0.036514530543984465
"10302 (1GJ7, no water pose)",11417 (no water pose),2.263509524162376,0.04373052827065714,0.39539943596218974,0.043413442832633174,0.25680000000000014,1.8681100882001864,0.061620500820855496,1.7530413779702965,0.04232592478491468
7806 (no water pose),8696 (no water pose),12.46210755127278,0.04689472556691757,12.023330722765076,0.0451462635391761,-1.1506699999999999,0.4387768285077039,0.06509454967618451,0.38616159314524623,0.03958459998895747
11417 (no water pose),7806 (no water pose),-12.156807986735819,0.050170091270249836,-13.019201090530194,0.05246634557074203,1.9140999999999995,0.8623931037943755,0.07259308145831612,0.788019204111178,0.04500126136383793
"10302 (1GJ7, no water pose)",7806 (no water pose),-10.486950311320594,0.05251509058561532,-13.018414615857383,0.053849002362972256,2.1708999999999996,2.531464304536788,0.07521668561365073,2.5410605820814745,0.04279363116732119
