mol_a,mol_b,complex_pred_dg (kcal/mol),complex_pred_dg_err (kcal/mol),solvent_pred_dg (kcal/mol),solvent_pred_dg_err (kcal/mol),pred_ddg (kcal/mol),pred_ddg_err (kcal/mol),exp_ddg (kcal/mol)
4,3,-3.6134186298437965,0.0374100808628539,-2.3491615924360887,0.03968439696746518,-1.2642570374077076,0.054537743928738266,0.8500000000000009
1,2,9.070073361999434,0.04518808278010123,10.516304056963321,0.04554179063329027,-1.4462306949638872,0.06415619626682778,1.9800000000000002
1,3,22.54594219166237,0.059895082681561844,20.608708333446387,0.06065085300394705,1.937233858215982,0.08524052381078803,4.640000000000001
4,1,-24.931175535632246,0.06130845174726783,-22.742299666513837,0.061883733771461544,-2.18887586911841,0.08711097956712573,-3.79
3,2,-12.755758155853885,0.06239752859483013,-9.775551693621717,0.061841942847102115,-2.9802064622321685,0.08785145115390462,-2.6600000000000006
4,2,-16.010281070433475,0.06466751732261747,-12.300205532200483,0.06505693517775238,-3.710075538232993,0.09172945334729356,-1.8099999999999996
