mol,smiles,pred_dg (kcal/mol),pred_dg_err (kcal/mol),exp_dg (kcal/mol)
4,CC1(C)CNc2cc(O)c(C(=O)N3Cc4ccccc4C3)cc21,-8.236993982255296,0.030282558628899486,-8.93
3,CC1(C)COc2cc(O)c(C(=O)N3Cc4ccccc4C3)cc21,-9.283974750682038,0.0297742257924541,-8.08
1,CC(C)c1cc(C(=O)N2Cc3ccccc3C2)c(O)cc1O,-10.780209488665136,0.02845441461795096,-12.72
2,COc1cc(O)c(C(=O)N2Cc3ccccc3C2)cc1C(C)C,-12.168821778397529,0.03464867328449339,-10.74
