mol_a,mol_b,complex_pred_dg (kcal/mol),complex_pred_dg_err (kcal/mol),solvent_pred_dg (kcal/mol),solvent_pred_dg_err (kcal/mol),pred_ddg (kcal/mol),pred_ddg_err (kcal/mol),exp_ddg (kcal/mol)
25e,11,43.00883850456997,0.08529465358629584,41.817513045642876,0.08537082073363514,1.1913254589270945,0.12067872622438752,3.100000000000001
61a,11,31.323177936636643,0.09407958245451799,27.108046684583723,0.09567271939207808,4.21513125205292,0.13417986835100026,3.8
61a,25e,-21.11443281570642,0.06282074008016611,-23.450908965202565,0.06532678922636682,2.336476149496147,0.09063131233103681,0.6999999999999988
