mol,smiles,pred_dg (kcal/mol),pred_dg_err (kcal/mol),exp_dg (kcal/mol)
21,Cc1cc(-c2ccc(S(=O)(=O)NC(C)(C)C)cc2)cc2c(N)n[nH]c12,-10.043039258980812,0.037952378176605246,-8.34034
20,CC(C)(C)NS(=O)(=O)c1ccc(-c2cc(Cl)c3[nH]nc(N)c3c2)cc1,-10.821223442726799,0.0434013738489077,-8.06767
13_3E64,CC(C)(C)NS(=O)(=O)c1ccc(-c2ccc3[nH]nc(N)c3c2)cc1,-9.705122034139432,0.04798168184955363,-9.69694
22-flip,CC(C)(C)NS(=O)(=O)c1ccc(-c2ccc3[nH]nc(N)c3c2)c(Cl)c1,-10.124703761782621,0.04970038424522224,-10.1076
14,CC(C)(C)NC(=O)c1ccc(-c2ccc3[nH]nc(N)c3c2)cc1,-7.087653070332807,0.05269839253326358,-7.7898000000000005
12,CC(C)(C)NS(=O)(=O)c1cccc(-c2ccc3[nH]nc(N)c3c2)c1,-3.2341063862960326,0.06976926220921388,-7.43483
18,CCS(=O)(=O)c1ccc(-c2ccc3[nH]nc(N)c3c2)cc1,-8.574216457518423,0.06670503952880145,-8.32514
15,CC(C)(C)NC(=O)Nc1ccc(-c2ccc3[nH]nc(N)c3c2)cc1,-7.551375588223075,0.06865921645553119,-7.37912
