mol_a,mol_b,complex_pred_dg (kcal/mol),complex_pred_dg_err (kcal/mol),solvent_pred_dg (kcal/mol),solvent_pred_dg_err (kcal/mol),exp_ddg (kcal/mol),pred_ddg (kcal/mol),pred_ddg_err (kcal/mol),mle_ddg (kcal/mol),mle_ddg_err (kcal/mol)
31,6,-10.357195337271285,0.04118668903942195,-11.89031702955367,0.04373054153980677,0.5200000000000005,1.5331216922823834,0.060072486359354284,1.1327456861310274,0.049559880830538895
31,7,9.72965277983677,0.07359303308425426,6.389793751657017,0.0689574330253344,0.6399999999999997,3.3398590281797524,0.10085168361501766,4.468311139795979,0.05786073210022944
7,6,-22.787164789579833,0.06887319209692475,-18.434752492756438,0.0664952272595396,-0.11999999999999922,-4.352412296823396,0.09573469505836281,-3.3355654536649517,0.05839027740682245
