mol_a,mol_b,complex_pred_dg (kcal/mol),complex_pred_dg_err (kcal/mol),solvent_pred_dg (kcal/mol),solvent_pred_dg_err (kcal/mol),exp_ddg (kcal/mol),pred_ddg (kcal/mol),pred_ddg_err (kcal/mol),mle_ddg (kcal/mol),mle_ddg_err (kcal/mol)
5AN26_ligand,5ANT_A_ligand,11.711287641564448,0.054495185713422656,12.591118915474903,0.04635488920255366,-0.9800000000000004,-0.8798312739104542,0.07154370006451616,-0.9725133924883478,0.05311552322431724
5AN26_ligand,5ANU_ligand,19.67540427162917,0.07138153301247428,25.732606988158565,0.07336548293285586,-5.390000000000001,-6.057202716529394,0.10236121013930091,-5.867477969838306,0.055287535732849176
5ANT_A_ligand,5ANU_ligand,8.358262611323369,0.06829424067542716,13.084013934911845,0.0684173796527977,-4.41,-4.725751323588477,0.09666975301503686,-4.894964577349958,0.05672558488483726
