mol,smiles,pred_dg (kcal/mol),pred_dg_err (kcal/mol),exp_dg (kcal/mol)
1_1W7H,Nc1ncccc1OCc1ccccc1,-3.2032798707811483,0.03491629655285727,-3.94
3,c1ccc(COc2cccnc2)cc1,-3.2989186114559033,0.03399212921546534,-4.09
4,Nc1ncccc1OCc1c(Cl)cccc1Cl,-5.066839495716071,0.04233885020275529,-5.4
5_1WBW,Nc1ncccc1OCc1cccc2ccccc12,-4.8662629854054025,0.05008609366778338,-5.94
6,OCCNc1ccc(OCc2c(Cl)cccc2Cl)cn1,-6.655501243022224,0.04599735706583777,-5.04
7,CC(C)(CO)Nc1ccc(OCc2c(Cl)cccc2Cl)cn1,-7.6191977936192545,0.05067263672777963,-6.3
