mol_a,mol_b,complex_pred_dg (kcal/mol),complex_pred_dg_err (kcal/mol),solvent_pred_dg (kcal/mol),solvent_pred_dg_err (kcal/mol),pred_ddg (kcal/mol),pred_ddg_err (kcal/mol),exp_ddg (kcal/mol)
lig 51 stereo,lig 49 stereo,-8.947602484332222,0.057223718205978505,-10.469576869689641,0.055974005193681384,1.5219743853574192,0.08004775563836569,-0.1999999999999992
"lig 66, deprot","lig 68, deprot",7.4411601090516655,0.05181571714665017,8.599805789963472,0.05291564398214556,-1.1586456809118062,0.07406033973367143,0.18000000000000063
"lig 66, deprot",lig 49 stereo,-10.638641080644689,0.08409784182855433,-10.459712094831112,0.08318116161849273,-0.17892898581357589,0.11828589370006193,0.6900000000000004
"lig 2, deprot",lig 49 stereo,14.242920038565162,0.09045952207335997,10.078837266104554,0.0901043008421326,4.164082772460609,0.12767815069145635,0.8100000000000003
"lig 2, deprot","lig 66, deprot",24.91227493331963,0.09282807568035889,20.593558050699098,0.09155269085135163,4.318716882620533,0.13038000934438376,0.11999999999999986
"lig 2, deprot",lig 51 stereo,24.167436929571597,0.09482742577235798,20.730371912640724,0.09132382102815319,3.4370650169308736,0.13165212100757898,1.0099999999999996
"lig 68, deprot",lig 49 stereo,-16.248269796217144,0.08815676910435098,-18.594760047572645,0.0861285198065724,2.3464902513555033,0.12324665457118496,0.5099999999999998
"lig 68, deprot",lig 51 stereo,-6.892183434085231,0.08944278876207255,-7.563005238802522,0.08871312376185514,0.670821804717291,0.12597631042828233,0.709999999999999
