mol_a,mol_b,complex_pred_dg (kcal/mol),complex_pred_dg_err (kcal/mol),solvent_pred_dg (kcal/mol),solvent_pred_dg_err (kcal/mol),exp_ddg (kcal/mol),pred_ddg (kcal/mol),pred_ddg_err (kcal/mol),mle_ddg (kcal/mol),mle_ddg_err (kcal/mol)
"10302 (1GJ7, no water pose)",11417 (no water pose),2.0821821574629134,0.04368327450814841,0.09599141853690628,0.043517079549479906,0.25680000000000014,1.9861907389260072,0.061660073664163026,2.04454770762519,0.039665458743370706
"10302 (1GJ7, no water pose)",7806 (no water pose),-10.323554492792342,0.05270796340334516,-13.621591975409363,0.054390495677236125,2.1708999999999996,3.2980374826170213,0.07573939150893552,3.061101916923672,0.038563226731698
"10302 (1GJ7, no water pose)",8696 (no water pose),1.731605417197675,0.044798628251602614,-1.2375399562408722,0.04385888300261663,1.0202299999999997,2.969145373438547,0.0626938490719983,3.0711593049534525,0.03783751632273792
11417 (no water pose),7806 (no water pose),-12.396649042192323,0.05143991004200324,-13.360852038290298,0.05330451457024186,1.9140999999999995,0.9642029960979758,0.07407722739613377,1.0165542092984818,0.0388506025545944
11417 (no water pose),8696 (no water pose),0.041580779275247955,0.041111693586661655,-0.965412475207115,0.041074097314098966,0.7634299999999996,1.006993254482363,0.05811413614372694,1.0266115973282623,0.03813036197531002
7806 (no water pose),8696 (no water pose),12.317624251040183,0.045946096767144146,12.176652423844805,0.04483883766620292,-1.1506699999999999,0.14097182719537862,0.06419941722003301,0.010057388029780512,0.03698240585746785
