mol_a,mol_b,complex_pred_dg (kcal/mol),complex_pred_dg_err (kcal/mol),solvent_pred_dg (kcal/mol),solvent_pred_dg_err (kcal/mol),exp_ddg (kcal/mol),pred_ddg (kcal/mol),pred_ddg_err (kcal/mol),mle_ddg (kcal/mol),mle_ddg_err (kcal/mol)
31,6,-10.480386064840438,0.03871182728520175,-11.933025091584451,0.042006759870284266,0.5200000000000005,1.4526390267440128,0.05712419318081451,1.3119441905082265,0.04756030401031236
7,6,-20.249612124077967,0.06612358390321534,-17.406229717635476,0.06432925517919087,-0.11999999999999922,-2.843382406442491,0.09225281253227467,-2.4764405692745983,0.056269689567038136
31,7,8.93549942478998,0.07070860858035143,5.559809120330062,0.06761676532154638,0.6399999999999997,3.375690304459917,0.09783524048071034,3.788384759782825,0.05582453371592776
