mol,smiles,pred_dg (kcal/mol),pred_dg_err (kcal/mol),exp_dg (kcal/mol)
3d,c1ccc(C(CCNc2ccnc3ccccc23)c2ccccc2)cc1,-7.311068104405769,0.036042643475030084,-9.19327
6d,c1ccc(C(CCNc2cnnc3ccccc23)c2ccccc2)cc1,-11.1216183946291,0.02599750533253812,-9.40585
5d,c1ccc(C(CCNc2nnnc3ccccc23)c2ccccc2)cc1,-13.537800304546929,0.03282422834351394,-13.2535
2d,c1ccc(C(CCNc2ncnc3ccccc23)c2ccccc2)cc1,-9.49326679198502,0.03550939103610843,-13.4817
8d,c1ccc(C(CCNc2nncc3ccccc23)c2ccccc2)cc1,-10.386879176739798,0.0329453651385121,-10.6284
4d,N#Cc1cnc2ccccc2c1NCCC(c1ccccc1)c1ccccc1,-15.709753126090945,0.03125914853198712,-15.343400000000003
7d,N#Cc1nnc2ccccc2c1NCCC(c1ccccc1)c1ccccc1,-18.99723410160243,0.03977754754069994,-15.2515
