mol,smiles,pred_dg (kcal/mol),pred_dg_err (kcal/mol),exp_dg (kcal/mol)
13_3E64,CC(C)(C)NS(=O)(=O)c1ccc(-c2ccc3[nH]nc(N)c3c2)cc1,-9.344564177774643,0.046996432640954454,-9.69694
12,CC(C)(C)NS(=O)(=O)c1cccc(-c2ccc3[nH]nc(N)c3c2)c1,-3.4623528953238227,0.05872151037440574,-7.43483
15,CC(C)(C)NC(=O)Nc1ccc(-c2ccc3[nH]nc(N)c3c2)cc1,-6.814008377547552,0.06265883926902822,-7.37912
21,Cc1cc(-c2ccc(S(=O)(=O)NC(C)(C)C)cc2)cc2c(N)n[nH]c12,-10.478427703242003,0.041824242529492885,-8.34034
14,CC(C)(C)NC(=O)c1ccc(-c2ccc3[nH]nc(N)c3c2)cc1,-5.791564944749004,0.05252602471371926,-7.7898000000000005
18,CCS(=O)(=O)c1ccc(-c2ccc3[nH]nc(N)c3c2)cc1,-8.483327013112833,0.05053397082072838,-8.32514
22-flip,CC(C)(C)NS(=O)(=O)c1ccc(-c2ccc3[nH]nc(N)c3c2)c(Cl)c1,-11.51255783419929,0.049670435722499316,-10.1076
20,CC(C)(C)NS(=O)(=O)c1ccc(-c2cc(Cl)c3[nH]nc(N)c3c2)cc1,-11.254637054050853,0.04767760029728272,-8.06767
