mol,smiles,pred_dg (kcal/mol),pred_dg_err (kcal/mol),exp_dg (kcal/mol)
CHEMBL3264994,CC(C)(C)c1ccc(Nc2nc(-c3cccc(NC(=O)c4ccc(C(=O)[O-])cc4)c3)cn3ccnc23)cc1,-8.732140075529973,0.05505710192768262,-9.865858249826928
CHEMBL3264995,COc1ccc(Nc2nc(-c3cccc(C(=O)Nc4ccc(C(=O)[O-])cc4)c3)cn3ccnc23)cc1OC,-12.393832672243748,0.04931168131575572,-12.458424187983185
CHEMBL3265001,COc1ccc(Nc2nc(-c3cccc(C(=O)Nc4ccc(-c5nnn[n-]5)cc4)c3)cn3ccnc23)cc1OC,-12.021286334419836,0.03912374291845045,-12.112756832843909
CHEMBL3265000,COc1ccc(Nc2nc(-c3cccc(C(=O)Nc4ccc(C(=O)[N-]S(C)(=O)=O)cc4)c3)cn3ccnc23)cc1OC,-12.232911082378331,0.05258111314545598,-11.88443034798687
CHEMBL3264997,COc1ccc(Nc2nc(-c3cccc(C(=O)Nc4cccc(C(=O)[O-])c4)c3)cn3ccnc23)cc1OC,-12.136851931218088,0.05484682500611174,-11.051234103667463
CHEMBL3264998,COc1ccc(Nc2nc(-c3cccc(C(=O)Nc4ccc(CC(=O)[O-])cc4)c3)cn3ccnc23)cc1OC,-11.640520215905788,0.05277411136419721,-11.784838589387416
